pair_id,dk_title_original,ep_title_original
45,"Proposal for a law amending the law on a guarantee fund for non-life insurance companies and the law on financial activities. (Fixing requirements for membership of the Guarantee Fund for non-life insurance companies (Fonden) for EU/EEA direct non-life insurance companies operating insurance activities in Denmark via branch or cross-border service activities, and changing the scope of the Fund, etc.).",Increasing the efficiency of the EU guarantee under the InvestEU Regulation and simplifying reporting requirements
54,Proposal for a law amending the Code of Criminal Procedure. (Implementation of agreement on initiatives relating to the deadline for transposition in criminal matters).,Proposed amendments to Protocol No 3 on the Statute of the Court of Justice of the European Union
31,Proposal for a law amending the Act on Active Employment.,Guidelines for the employment policies of the Member State
13,"Proposal for a law amending the Law on the Authorization of Healthcare Professionals and the Law on the Use of Force in the Somatic Treatment of Permanent Inhabiles (Autotorisation of Cheese Opates, Expansion of Dental Fields, etc.).",Amendment to Decision 2004/162/EC with regard to its implementation in Mayotte from 1 January 2014
50,"Proposal for a law amending the fund tax law, the law on equations and the tax control law.",Further reform of corporate taxation rules
1,Proposal for a law on the purchase of social pedagogical accompaniment during holidays.,Cross-border voluntary activities in the EU
65,Draft law amending the extradition law. (Changing jurisdiction in cases relating to the request for consent to further criminal proceedings).,Proposed amendments to Protocol No 3 on the Statute of the Court of Justice of the European Union
19,Draft law amending the Military Service Act. (Derogation from military service for certain persons who have been discharged for duty before 2010).,"Draft general budget of the European Union - 2010 financial year
- Draft amendments to and proposals for modification relating to the appropriations in Section III and Sections I, II, IV, V, VI, VII, VIII and IX"
11,"Proposal for a law amending the University Act, the SU Act and other laws. (Salary project-oriented courses in certain countries and possibility of recognition during unpaid project-oriented courses, internships and study placements).",Strengthening the application of the principle of equal pay for equal work or work of equal value between men and women
23,Draft law on the renewal of agreements and agreements for nurses.,Framework Agreement on parental leave
5,Proposal for a law amending the law on equations.,The implementation of the principle of primacy of EU law
34,"Proposal for a law amending the Law on the energy tax of petroleum products, etc. and the Law on the carbon dioxide tax of certain energy products.","Recommendation for a decision, pursuant to Rules 88(4)(d) and 87a(6) of the Rules of Procedure, to raise no objections to draft Commission Regulation (EU) No.../...amending Regulation (EU) No 1031/2010 in particular to determine the volumes of greenhouse gas emission allowances to be auctioned in 2013-2020"
43,"Draft law amending the Law on the Environmental and Food Complaints Board, the Law on the Board of Appeal, the Law on the Promotion of Renewable Energy and various other laws. (Effectiveisation of proceedings in the Board of Appeal, the Environmental and Food Complaints Board and the Energy Complaints Board, etc.).",Proposal for a regulation of the European Parliament and of the Council amending Regulation (EU) 2021/1232 as regards the extension of its period of application
81,Proposal for a law amending the law on the re-use of public sector information.,Re-use of public sector information
82,Proposal for a law on gender distribution among directors in certain large listed public limited companies (the Gender Balance Act).,Gender balance among non-executive directors of companies listed on stock exchanges
40,"Proposal for a law amending the University Law, the Law on the Accreditation of Higher Education Institutions and various other laws. (Candidate education of 75 ECTS points, new vocational training courses and other elements from the agreement on the reform of university education in Denmark etc.).",Amendment of Council Regulation (EC) No 1085/2006 of 17 July 2006 establishing an Instrument for Pre-Accession Assistance (IPA)
78,Proposal for a law amending the Law on Fisheries.,Reform of the Common Fisheries Policy
62,Proposal for a law amending the law on experimental medical cannabis. (Permanent possibility of growing cannabis etc.).,Motions for resolutions - Use of cannabis for medicinal purposes
86,Proposal for a law on insurance mediation.,Insurance mediation
36,Proposal for a law amending the law on higher education (the continuing training system) for adults.,Motions for resolutions - European Qualifications Framework for lifelong learning
27,Proposal for a law amending the law on spatial information.,Reporting requirements for infrastructures for spatial information
48,"Proposal for a law amending the Law on Nature Conservation and repealing the Law on the administration of European Union regulations on trade in timber and wood products to combat trade in illegally harvested timber. (Additional provisions for the deforestation regulation on supervision, fees and confiscation, etc.).",Deforestation Regulation
32,Proposal for a law amending the law on urban renewal and urban development. (Support for strengthened action in villages).,Amendments to various Regulations in the field of agriculture and rural development
12,Proposal for a law amending the Law on a Cityring and the Law on the Metro Company I/S and the Development Company City & Port I/S. (Developing the area of Ny Ellebjerg Station).,Objection to Commission delegated regulation amending Regulation (EU) No 347/2013 as regards the Union list of projects of common interest
66,"Proposal for a law amending the withholding tax law, the VAT law and the Tax Control Act.",Further reform of corporate taxation rules
29,"Proposal for a law amending the law on foreigners, the law on vocational training and the law on vocational training institutions.",Amending the proposed mechanism to resolve legal and administrative obstacles in a cross-border context
70,"Proposal for a law amending the law on coastal protection, the law on environmental assessment of plans and programmes and of specific projects (EIA), the law on nature conservation, the law on hunting and game management and various other laws.",Amendment of Council Regulation (EC) No 850/98 concerning the conservation of fishery resources through technical measures for the protection of juveniles of marine organisms
10,Proposal for a law amending the law on the accreditation of higher education institutions.,Adapting a number of legal acts providing for the use of the regulatory procedure with scrutiny to Articles 290 and 291 TFEU - part II
68,Proposal for a law amending the Law on Study Elections Denmark. (Enlargement of Study Elections Denmark's area of guidance).,Reform of the electoral law of the EU
6,Draft law amending the law on equations. (Freedom of charge for Olympic and PL prizes).,Proposed amendments to Protocol No 3 on the Statute of the Court of Justice of the European Union
76,Proposal for a law amending the Law on the Protection of the Marine Environment.,Amendment of Council Regulation (EC) No 850/98 concerning the conservation of fishery resources through technical measures for the protection of juveniles of marine organisms
41,"Proposal for a law amending the Law on Public Roads, etc., the Railway Act and various other laws (Implementation of the EIA Directive for State Road and Rail Projects and Port Projects).",Proposal for a regulation of the European Parliament and of the Council amending Regulation (EU) 2021/1232 as regards the extension of its period of application
46,Proposal for a law amending the Law on Air Transport.,EU-Philippines Agreement on certain aspects of air services
17,Draft law on tests in the church.,Uganda: anti-homosexual draft legislation
57,Proposal for a law amending the Law on the Protection of the Environment.,Protection of the environment through criminal law
35,"Proposal for a law amending the Law on electricity supply, the Law on Energy Networks and the Law on the Promotion of Renewable Energy.",Amendment of Regulation (EC) No 663/2009 establishing a programme to aid economic recovery by granting Community financial assistance to projects in the field of energy
8,Proposal for a law amending the law on equations. (Freedom of movement allowance during basic integration training).,"Amending Regulation (EC) No 561/2006 as regards on minimum requirements on maximum daily and weekly driving times, minimum breaks and daily and weekly rest periods and Regulation (EU) 165/2014 as regards positioning by means of tachographs"
56,"Proposal for a law amending the Competition Act and the Criminal Code. (Introduction of the possibility of civil fines, structural injunctions, interviews, surveys in private homes, etc.).",Competition policy - annual report 2022
63,"Proposal for a law amending the law on aliens, the Return and Criminal Law and repealing the law on the continuation of certain rights in connection with the United Kingdom's withdrawal from the European Union without an agreement (Amendment of certain rules on return assistance, access to return and administrative detention, implementation of the Council Decision on Croatia's full accession to the Schengen Agreement and repeal of the Act on the continuation of certain rights in connection with the United Kingdom's withdrawal from the European Union without an agreement).",Protocol to the EU-Switzerland Agreement on the free movement of persons (accession of Croatia)
20,Proposal for a Law on Veterans' Job Schemes.,Motions for resolutions - European Voluntary Service
74,"Proposal for a law amending the Law on payment rules for waste water supply companies, etc., the Law on environmental protection and the Law on the organisation and economic conditions of the water sector.",The implementation of the EU water legislation
26,"Proposal for a law amending the SU Act, Law on State Adult Education Support, Law on Carriage Discounts for Higher Education Students and the Law on Carriage Discounts for Higher Education Students, etc. (SU for admission courses at institutions for vocational education, redemption of previous student loans for the admission of new student loans, foreign grant for non-level courses at candidate level, legal basis for establishing rules on joint data responsibility, etc.).",Amendment of Council Regulation (EC) No 1085/2006 of 17 July 2006 establishing an Instrument for Pre-Accession Assistance (IPA)
67,Proposal for a law amending various amending laws in the territory of the Ministry of Foreign Affairs and Integration. (Revision of the law on the introduction of the possibility of transferring asylum seekers to asylum procedures and possible subsequent protection in third countries).,Implementation of Article 43 of the Asylum Procedures Directive
14,Draft law amending the daily offer law. (Better distribution in day-care institutions).,Draft amending budget No 3/2017: budgetary resources of the Youth Employment Initiative; establishment plans of ACER and SESAR3
