pair_id,dk_index,ep_index,ep_period,cosine_similarity,similarity_band,dk_title_original,dk_title_clean,ep_title_original,ep_title_clean,theme_match,notes
1,1739,12587,2014-2019,0.30787128,< 0.50,Proposal for a law amending the law on free community networks. (Extension of selected experimental possibilities etc. in free community experiments II).,the law on free community networks. (Extension of selected experimental possibilities etc. in free community experiments II),Promotion of internet connectivity in local communities,Promotion of internet connectivity in local communities,,
2,1893,4245,2009-2014,0.37464562,< 0.50,Draft law on flagging.,flagging,"Illegal, unreported and unregulated fishing","Illegal, unreported and unregulated fishing",,
3,459,11872,2014-2019,0.39252847,< 0.50,Proposal for a law amending the law on equations. (Freedom of movement allowance during basic integration training).,the law on equations. (Freedom of movement allowance during basic integration training),Civil Law Rules on Robotics,Civil Law Rules on Robotics,,
4,1490,5360,2009-2014,0.40668854,< 0.50,Draft law on the Register of Conductors.,the Register of Conductors,System for registration of carriers of radioactive materials,System for registration of carriers of radioactive materials,,
5,1218,17346,2019-2024,0.41912365,< 0.50,"Proposal for a law on epidemics, etc. (the epidemic law).","epidemics, etc. (the epidemic law)",The situation in the Schengen area following the COVID19 outbreak,The situation in the Schengen area following the COVID19 outbreak,,
6,117,6191,2009-2014,0.42636874,< 0.50,Proposal for a law amending the Law on the Use of Force in Psychology.,the Law on the Use of Force in Psychology,Evaluation of justice in relation to criminal justice and the rule of law,Evaluation of justice in relation to criminal justice and the rule of law,,
7,581,9123,2014-2019,0.44565028,< 0.50,"Draft law amending the law on unemployment insurance, etc. and the law on flexitime benefits (New rules on deductions for voluntary unpaid work for benefit recipients, etc.).","the law on unemployment insurance, etc. and the law on flexitime benefits (New rules on deductions for voluntary unpaid work for benefit recipients, etc.)",Tax rulings and other measures similar in nature or effect,Tax rulings and other measures similar in nature or effect,,
8,821,17063,2014-2019,0.45156598,< 0.50,Draft law amending the daily offer law. (Better distribution in day-care institutions).,the daily offer law. (Better distribution in day-care institutions),Work-life balance for parents and carers,Work-life balance for parents and carers,,
9,2097,4088,2009-2014,0.4525283,< 0.50,"Draft law amending the Law on the Council of Congregations, Law on the National Church's Economics, Law on the National Church's Church buildings and cemeteries and various other laws. (Simplification and better support for the church council work, support for the church councils' maintenance of medieval churches and orientation on preliminary equation needs).","the Law on the Council of Congregations, Law on the National Church's Economics, Law on the National Church's Church buildings and cemeteries and various other laws. (Simplification and better support for the church council work, support for the church councils' maintenance of medieval churches and orientation on preliminary equation needs)","Amendment of Regulation (EEC/Euratom) No 354/83, as regards the deposit of the historical archives of the institutions at the European University Institute in Florence","Amendment of Regulation (EEC/Euratom) No 354/83, as regards the deposit of the historical archives of the institutions at the European University Institute in Florence",,
10,828,18681,2019-2024,0.45309734,< 0.50,Proposal for a law amending the Law on a Cityring and the Law on the Metro Company I/S and the Development Company City & Port I/S. (Developing the area of Ny Ellebjerg Station).,the Law on a Cityring and the Law on the Metro Company I/S and the Development Company City & Port I/S. (Developing the area of Ny Ellebjerg Station),"Implementation of territorial development (CPR, Title III, Chapter II) and its application in the European Territorial agenda 2030","Implementation of territorial development (CPR, Title III, Chapter II) and its application in the European Territorial agenda 2030",,
11,556,2014,2009-2014,0.45438308,< 0.50,Draft law on the distribution of profits and dividends from lotteries.,the distribution of profits and dividends from lotteries,Investor-compensation schemes,Investor-compensation schemes,,
12,1819,12355,2014-2019,0.4627136,< 0.50,Proposal for a law amending the Health Act. (Establishment of readily accessible municipal treatment services for children and young people with mental malaria and symptoms of mental illness).,the Health Act. (Establishment of readily accessible municipal treatment services for children and young people with mental malaria and symptoms of mental illness),Protection of vulnerable adults,Protection of vulnerable adults,,
13,1767,9912,2014-2019,0.46453345,< 0.50,"Proposal for a law amending the University Law, the Law on vocational education and Bachelor's degree programmes, the Law on Higher Artistic Education Institutions and the Law on Maritime Education. (Virtual exchange for students).","the University Law, the Law on vocational education and Bachelor's degree programmes, the Law on Higher Artistic Education Institutions and the Law on Maritime Education. (Virtual exchange for students)",Erasmus+ and other tools to foster mobility in vocational education and training,Erasmus+ and other tools to foster mobility in vocational education and training,,
14,658,10009,2014-2019,0.46581253,< 0.50,Draft law on business secrets.,business secrets,"Protection of trade secrets against their unlawful acquisition, use and disclosure","Protection of trade secrets against their unlawful acquisition, use and disclosure",,
15,1361,2877,2009-2014,0.46889788,< 0.50,Proposal for a law amending the Law on the Law on the Law on the Law on the Law on the Law on the Law on the Law on the Law on the Law on the Law on the Law on the Law on the Law on the Law on the Law on the Law on the Law on the Law on the Law on the Law on the Law on the Law on the Law on the Law on the Law on the Law on the Law on the Law on the Law on the Law on the Law on the Law on the Law on the Law on the Law on the Law on the Law on the Law on the Law on the Law on the Law on the Law on the Law on the Law on the Law on the Law on the Law on the Law on the Law on the Law on the Law on the Law on the Law on the Law on the Law on the Law on the Law on the Law on the Law on the Law on the Law on the Law on the Law on the Law on the Law on the Law on the Law on the Law on the Law on the Law on the Law on the Law on the Law on the Law on the Law on the Law on the Law on the Law on the Law on the Law on the Law on the Law on the Law on the Law on the Law on the Law on the Law on the Law on the Law on the Law on the Law on the Law on the Law on the Law on the Law on the Law on the Law on the Law on the Law on the Public on the Law on the Law on the Law on the Law on the Law on the Law on the Law on the Law on the Law on the Law on the Law on the Law on the Law on the Law on the Law on the Law on the Law on the Law on the Law on the Law on the Law on the Law on the Law on the Law on the Law on the Law on the Law on the Law on the Law on the Law on the Law on the Law on the Law on the Law on the Law on the Law on the Law on the Law on the Law on the Law on the Law on the Law on the Law on the Law on the Law on the Law on the Law on the Law on the Law on the Law on the Law on the Law on the Law on the Law on the Law on the Law on the Law on the Law on the Law on the Law on the Law on the Law on the Law on the Law on the Law on the Law on the Law on the,the Law on the Law on the Law on the Law on the Law on the Law on the Law on the Law on the Law on the Law on the Law on the Law on the Law on the Law on the Law on the Law on the Law on the Law on the Law on the Law on the Law on the Law on the Law on the Law on the Law on the Law on the Law on the Law on the Law on the Law on the Law on the Law on the Law on the Law on the Law on the Law on the Law on the Law on the Law on the Law on the Law on the Law on the Law on the Law on the Law on the Law on the Law on the Law on the Law on the Law on the Law on the Law on the Law on the Law on the Law on the Law on the Law on the Law on the Law on the Law on the Law on the Law on the Law on the Law on the Law on the Law on the Law on the Law on the Law on the Law on the Law on the Law on the Law on the Law on the Law on the Law on the Law on the Law on the Law on the Law on the Law on the Law on the Law on the Law on the Law on the Law on the Law on the Law on the Law on the Law on the Law on the Law on the Law on the Law on the Law on the Law on the Law on the Law on the Law on the Law on the Public on the Law on the Law on the Law on the Law on the Law on the Law on the Law on the Law on the Law on the Law on the Law on the Law on the Law on the Law on the Law on the Law on the Law on the Law on the Law on the Law on the Law on the Law on the Law on the Law on the Law on the Law on the Law on the Law on the Law on the Law on the Law on the Law on the Law on the Law on the Law on the Law on the Law on the Law on the Law on the Law on the Law on the Law on the Law on the Law on the Law on the Law on the Law on the Law on the Law on the Law on the Law on the Law on the Law on the Law on the Law on the Law on the Law on the Law on the Law on the Law on the Law on the Law on the Law on the Law on the Law on the Law on the Law on the,An EU approach to criminal law,An EU approach to criminal law,,
16,659,392,2009-2014,0.49007982,< 0.50,Draft law amending the National Education Act. (New structure for the University of the People).,the National Education Act. (New structure for the University of the People),Amendment of Council Regulation (EC) No 1085/2006 of 17 July 2006 establishing an Instrument for Pre-Accession Assistance (IPA),Amendment of Council Regulation (EC) No 1085/2006 of 17 July 2006 establishing an Instrument for Pre-Accession Assistance (IPA),,
17,268,4688,2009-2014,0.4900911,< 0.50,"Proposal for a law on electronic cigarettes, etc.","electronic cigarettes, etc","Manufacture, presentation and sale of tobacco and related products","Manufacture, presentation and sale of tobacco and related products",,
18,284,17536,2019-2024,0.49147424,< 0.50,"Proposal for a law amending the law on light rail on Ring 3, law on the Metro Company I/S and the Development Company City & Port I/S and law on traffic companies. (Design of light rail on Ring 3, special regulation during the construction period etc.).","the law on light rail on Ring 3, law on the Metro Company I/S and the Development Company City & Port I/S and law on traffic companies. (Design of light rail on Ring 3, special regulation during the construction period etc.)",Implementation of the Construction Products Regulation,Implementation of the Construction Products Regulation,,
19,536,13153,2014-2019,0.49320382,< 0.50,"Proposal for a Law amending the Health Act. (Better medical coverage by extending the period for the operation of general medical clinics by regions, simplified transfer of external numbers between doctors and amended collection of fees for regional hospital units, etc.).","the Health Act. (Better medical coverage by extending the period for the operation of general medical clinics by regions, simplified transfer of external numbers between doctors and amended collection of fees for regional hospital units, etc.)",Amendments to various Regulations in the field of agriculture and rural development,Amendments to various Regulations in the field of agriculture and rural development,,
20,1960,18393,2019-2024,0.49423003,< 0.50,"Proposal for a law amending the law on restraining orders, residence bans and expulsions.","the law on restraining orders, residence bans and expulsions","Council of Europe Convention on preventing and combating violence against women and domestic violence - EU accession: judicial cooperation in criminal matters, asylum and non-refoulement","Council of Europe Convention on preventing and combating violence against women and domestic violence - EU accession: judicial cooperation in criminal matters, asylum and non-refoulement",,
21,32,18733,2019-2024,0.5039871,0.50–0.60,"Proposal for a law amending the law prohibiting discrimination on the labour market, etc. (Completion of the 70-year limit, etc.).","the law prohibiting discrimination on the labour market, etc. (Completion of the 70-year limit, etc.)",Report on the Commission’s 2023 Rule of Law report,the Commission’s 2023 Rule of Law report,,
22,1051,392,2009-2014,0.51130795,0.50–0.60,Proposal for a law amending the law on upper secondary education.,the law on upper secondary education,Amendment of Council Regulation (EC) No 1085/2006 of 17 July 2006 establishing an Instrument for Pre-Accession Assistance (IPA),Amendment of Council Regulation (EC) No 1085/2006 of 17 July 2006 establishing an Instrument for Pre-Accession Assistance (IPA),,
23,660,3392,2009-2014,0.51997304,0.50–0.60,Draft law on the protection of cultural values in the event of armed conflict.,the protection of cultural values in the event of armed conflict,EU mutual defence and solidarity clauses: political and operational dimensions,mutual defence and solidarity clauses: political and operational dimensions,,
24,1648,17921,2019-2024,0.52048767,0.50–0.60,Proposal for a law amending the law on primary education.,the law on primary education,"Protection of the rights of the child in civil, administrative and family law proceedings","Protection of the rights of the child in civil, administrative and family law proceedings",,
25,980,11452,2014-2019,0.5370206,0.50–0.60,"Proposal for a law amending the law on equations, the law on exchange gains and the pension income tax law. (Completion of certain rules on taxation of interest and foreign exchange gains and losses on Additional Tier 1 capital, etc.).","the law on equations, the law on exchange gains and the pension income tax law. (Completion of certain rules on taxation of interest and foreign exchange gains and losses on Additional Tier 1 capital, etc.)",General revision of Parliament's Rules of Procedure,General revision of Parliament's Rules of Procedure,,
26,1170,14667,2014-2019,0.5437164,0.50–0.60,"Proposal for a law amending the Law on an Income Register, the Registration Tax Act and various other laws.","the Law on an Income Register, the Registration Tax Act and various other laws",Administrative cooperation in the field of excise duties as regards the content of electronic register,Administrative cooperation in the field of excise duties as regards the content of electronic register,,
27,2002,17138,2014-2019,0.5458621,0.50–0.60,"Proposal for a law amending the law on nitrous oxide and the law on products and market surveillance. (New regulatory provisions on injunctions for the removal of content on social media, blocking of online interfaces and the use of fictitious profiles).","the law on nitrous oxide and the law on products and market surveillance. (New regulatory provisions on injunctions for the removal of content on social media, blocking of online interfaces and the use of fictitious profiles)",Adapting a number of legal acts providing for the use of the regulatory procedure with scrutiny to Articles 290 and 291 TFEU - part II,Adapting a number of legal acts providing for the use of the regulatory procedure with scrutiny to Articles 290 and 291 TFEU - part II,,
28,909,2877,2009-2014,0.54923415,0.50–0.60,Proposal for a law amending the Criminal Code.,the Criminal Code,An EU approach to criminal law,An EU approach to criminal law,,
29,1164,17672,2019-2024,0.5537138,0.50–0.60,Proposal for a law amending the law amending Danish citizenship and the Aliens Act. (Cancellation of sunset clause).,the law amending citizenship and the Aliens Act. (Cancellation of sunset clause),ETIAS consequential amendments: ECRIS-TCN,ETIAS consequential amendments: ECRIS-TCN,,
30,161,12103,2014-2019,0.56170845,0.50–0.60,Draft law on employment clauses.,employment clauses,Certain aspects of company law,Certain aspects of company law,,
31,834,17813,2019-2024,0.56850994,0.50–0.60,Proposal for a law amending the law on aliens.,the law on aliens,Legal migration policy and law,Legal migration policy and law,,
32,2088,7310,2014-2019,0.57214975,0.50–0.60,"Proposal for a law amending the Road Traffic Code, the Air Transport Act, the Postal Code and various other laws. (Strengthening preparedness in transport, etc. and clarification of police access to neutralizing drones etc.).","the Road Traffic Code, the Air Transport Act, the Postal Code and various other laws. (Strengthening preparedness in transport, etc. and clarification of police access to neutralizing drones etc.)",Anti-terrorism measures,Anti-terrorism measures,,
33,711,2105,2009-2014,0.5727791,0.50–0.60,"Draft law amending the law on the recovery of public debt and various other laws and repealing the law on attempts to cancel public debt for socially disadvantaged groups. (Simplification of rules on the recovery of public debt, etc. and obsolescence management, etc.).","the law on the recovery of public debt and various other laws and repealing the law on attempts to cancel public debt for socially disadvantaged groups. (Simplification of rules on the recovery of public debt, etc. and obsolescence management, etc.)",Repeal of Regulation (EEC) No 429/73 and Regulation (EC) No 215/2000,Repeal of Regulation (EEC) No 429/73 and Regulation (EC) No 215/2000,,
34,1302,4490,2009-2014,0.5738789,0.50–0.60,Proposal for a law amending the Health Act and the Law on access to health care and compensation. (Register-free dental care for the most socially vulnerable citizens).,the Health Act and the Law on access to health care and compensation. (Register-free dental care for the most socially vulnerable citizens),Impact of the crisis on access to care for vulnerable groups,Impact of the crisis on access to care for vulnerable groups,,
35,2081,18212,2019-2024,0.5763173,0.50–0.60,"Proposal for a law amending the Fuel Consumption Tax Act, the Act on the Tax of Natural Gas and Urban Gas, etc., and various other laws (Releasing of zero-emission passenger cars used for commercial passenger transport, periodic charges and extension of process purposes for energy used for CO2 capture for geological storage).","the Fuel Consumption Tax Act, the Act on the Tax of Natural Gas and Urban Gas, etc., and various other laws (Releasing of zero-emission passenger cars used for commercial passenger transport, periodic charges and extension of process purposes for energy used for CO2 capture for geological storage)",Transport: repealing obsolete Regulations,Transport: repealing obsolete Regulations,,
36,477,14383,2014-2019,0.5836582,0.50–0.60,"Proposal for a law amending the Road Traffic Code. (Change of sanctions in the area of driving and rest periods, etc.).","the Road Traffic Code. (Change of sanctions in the area of driving and rest periods, etc.)","Amending Regulation (EC) No 561/2006 as regards on minimum requirements on maximum daily and weekly driving times, minimum breaks and daily and weekly rest periods and Regulation (EU) 165/2014 as regards positioning by means of tachographs","Amending Regulation (EC) No 561/2006 as regards on minimum requirements on maximum daily and weekly driving times, minimum breaks and daily and weekly rest periods and Regulation (EU) 165/2014 as regards positioning by means of tachographs",,
37,1651,19489,2024-2029,0.5848861,0.50–0.60,Draft law amending the Law on the Election of Congregation Councils. (Provision of eligibility criteria for church officials).,the Law on the Election of Congregation Councils. (Provision of eligibility criteria for church officials),Amendments to Parliament's Rules of Procedure concerning appointments to Union agencies and bodies (Rule 135),Amendments to Parliament's Rules of Procedure concerning appointments to Union agencies and bodies (Rule 135),,
38,2005,13298,2014-2019,0.5914341,0.50–0.60,"Proposal for a law amending the Criminal Code, the Code of Procedure and the Act on the Offer Fund. (Strengthened action against sexually offensive material, etc.).","the Criminal Code, the Code of Procedure and the Act on the Offer Fund. (Strengthened action against sexually offensive material, etc.)",Implementation of the directive on combating the sexual abuse and sexual exploitation of children and child pornography,Implementation of the directive on combating the sexual abuse and sexual exploitation of children and child pornography,,
39,1489,19007,2019-2024,0.59251165,0.50–0.60,Proposal for a law amending the Law on Working Conditions. (Change of publication of information on the working environment of enterprises).,the Law on Working Conditions. (Change of publication of information on the working environment of enterprises),Amendments to Parliament’s Rules of Procedure concerning the training on preventing conflict and harassment in the workplace and on good office management,Amendments to Parliament’s Rules of Procedure concerning the training on preventing conflict and harassment in the workplace and on good office management,,
40,572,18784,2019-2024,0.59289867,0.50–0.60,Proposal for a law amending the Aliens Act. (Strengthening the possibility of obtaining permanent residence permits for foreigners who have actively opposed the clarification of their identity in the context of applications for residence permits in this country).,the Aliens Act. (Strengthening the possibility of obtaining permanent residence permits for foreigners who have actively opposed the clarification of their identity in the context of applications for residence permits in this country),A single application procedure for a single permit for third-country nationals to reside and work in the territory of a Member State and a common set of rights for third-country workers legally residing in a Member State (recast),A single application procedure for a single permit for third-country nationals to reside and work in the territory of a Member State and a common set of rights for third-country workers legally residing in a Member State (recast),,
41,1776,6679,2009-2014,0.60056853,0.60–0.70,"Proposal for a law amending the Social Services Act, the Law on legal certainty and administration in the social field and various other laws.","the Social Services Act, the Law on legal certainty and administration in the social field and various other laws","Food and feed law, rules on animal health and welfare, plant health, plant reproductive material and plant protection products","Food and feed law, rules on animal health and welfare, plant health, plant reproductive material and plant protection products",,
42,1375,12440,2014-2019,0.60669637,0.60–0.70,Proposal for a law amending the Code of Civil Procedure. (Increased use of telecommunications with a picture in court hearings on certain measures).,the Code of Civil Procedure. (Increased use of telecommunications with a picture in court hearings on certain measures),Common minimum standards of civil procedure,Common minimum standards of civil procedure,,
43,1072,18121,2019-2024,0.6091696,0.60–0.70,"Proposal for a law on temporary measures in the field of children, education and folk high school and for the free public awareness activities to prevent and remedy covid-19.","temporary measures in the field of children, education and folk high school and for the free public awareness activities to prevent and remedy covid-19","The impact of COVID-19 closures of educational, cultural, youth and sports activities on children and young people in the EU","The impact of COVID-19 closures of educational, cultural, youth and sports activities on children and young people in the EU",,
44,257,18718,2019-2024,0.609283,0.60–0.70,Proposal for a law amending the law amending the law on planning and the law on nature protection.,the law amending the law on planning and the law on nature protection,Protection of the environment through criminal law,Protection of the environment through criminal law,,
45,170,2602,2009-2014,0.61361694,0.60–0.70,"Proposal for a law amending the Law on the establishment of expenditure ceilings for state, municipalities and regions for the financial years 2014-2017 and the Act on the establishment of expenditure ceilings for state, municipalities and regions for the financial year 2018. (Consequences of the Government's draft Finance Act 2016).","the Law on the establishment of expenditure ceilings for state, municipalities and regions for the financial years 2014-2017 and the Act on the establishment of expenditure ceilings for state, municipalities and regions for the financial year 2018. (Consequences of the Government's draft Finance Act 2016)",General guidelines for the 2013 budget: Section III - Commission,General guidelines for the 2013 budget: Section III - Commission,,
46,1029,9123,2014-2019,0.61551774,0.60–0.70,"Proposal for a Law amending the Property Assessment Act, the Property Advance Tax Act, the Property Value Tax Act, the Municipal Property Tax Act and the Tax Administration Act. (Fixement of land and property values, demarcation of the derived effect of appeals and legal proceedings, derived tax effect in case of extraordinary resumption of property valuations, simultaneous property value tax and land tax and other adjustments in the field of valuation, etc.).","the Property Assessment Act, the Property Advance Tax Act, the Property Value Tax Act, the Municipal Property Tax Act and the Tax Administration Act. (Fixement of land and property values, demarcation of the derived effect of appeals and legal proceedings, derived tax effect in case of extraordinary resumption of property valuations, simultaneous property value tax and land tax and other adjustments in the field of valuation, etc.)",Tax rulings and other measures similar in nature or effect,Tax rulings and other measures similar in nature or effect,,
47,903,17111,2014-2019,0.6183988,0.60–0.70,Proposal for a Law amending the Health Act. (Payment for emergency and continued hospital care for certain persons without residence in Denmark).,the Health Act. (Payment for emergency and continued hospital care for certain persons without residence in Denmark),Protocol to the EU-Denmark Agreement on the criteria and mechanisms for establishing the State responsible for examining a request for asylum and 'Eurodac',Protocol to the EU-Denmark Agreement on the criteria and mechanisms for establishing the State responsible for examining a request for asylum and 'Eurodac',,
48,77,3730,2009-2014,0.62496096,0.60–0.70,Draft law on the additional allocation for 2014.,the additional allocation for 2014,Guidelines for the 2014 budget - Section III,Guidelines for the 2014 budget - Section III,,
49,1853,12341,2014-2019,0.62766576,0.60–0.70,Proposal for a law on the construction of new road link between Tingbjerg and Husum in the City of Copenhagen.,the construction of new road link between Tingbjerg and Husum in the City of Copenhagen,Road transport in the European Union,Road transport in the European Union,,
50,1630,9123,2014-2019,0.6295599,0.60–0.70,"Proposal for a law amending the Law on the Income Register, the Tax Collection Act and the Tax Reporting Act. (Sanction measures covered by the third stage of tax control reform).","the Law on the Income Register, the Tax Collection Act and the Tax Reporting Act. (Sanction measures covered by the third stage of tax control reform)",Tax rulings and other measures similar in nature or effect,Tax rulings and other measures similar in nature or effect,,
51,1504,17934,2019-2024,0.6433413,0.60–0.70,"Proposal for a law amending the law on day-to-day provision, law on primary school and various other laws. (Special care and education opportunities for displaced children and young people from Ukraine).","the law on day-to-day provision, law on primary school and various other laws. (Special care and education opportunities for displaced children and young people from Ukraine)",EU Protection of children and young people fleeing the war against Ukraine,Protection of children and young people fleeing the war against Ukraine,,
52,1491,17934,2019-2024,0.64603925,0.60–0.70,"Proposal for a law amending the law on temporary residence permits for displaced persons from Ukraine, the law on individual housing allowances, the law on family allowances and the advance payment of child allowances and the law on integration. (Municipal accommodation and catering and adaptation of rules in the field of integration, children and education, social and elderly, domestic and housing and health care as a result of the reception of displaced persons from Ukraine).","the law on temporary residence permits for displaced persons from Ukraine, the law on individual housing allowances, the law on family allowances and the advance payment of child allowances and the law on integration. (Municipal accommodation and catering and adaptation of rules in the field of integration, children and education, social and elderly, domestic and housing and health care as a result of the reception of displaced persons from Ukraine)",EU Protection of children and young people fleeing the war against Ukraine,Protection of children and young people fleeing the war against Ukraine,,
53,757,18117,2019-2024,0.6471932,0.60–0.70,Proposal for a law amending the law on the carriage of goods.,the law on the carriage of goods,Transport of dangerous goods by road: uniform procedures for checks. Codification,Transport of dangerous goods by road: uniform procedures for checks. Codification,,
54,1540,6007,2009-2014,0.65441376,0.60–0.70,Proposal for a law amending the Health Act. (Establishment of health clusters and health committees etc.).,the Health Act. (Establishment of health clusters and health committees etc.),Third programme for the Union's action if the field of health (2014-2020),Third programme for the Union's action if the field of health (2014-2020),,
55,13,2693,2009-2014,0.66345537,0.60–0.70,Proposal for a law on the conclusion of the Protocol amending the double taxation agreement between Denmark and Ireland.,the conclusion of the Protocol amending the double taxation agreement between Denmark and Ireland,Draft Protocol on the concerns of the Irish people on the Treaty of Lisbon (consent),Draft Protocol on the concerns of the Irish people on the Treaty of Lisbon (consent),,
56,1262,17669,2019-2024,0.6635526,0.60–0.70,Draft law amending the law on foreigners. (New positive list for skilled workers).,the law on foreigners. (New positive list for skilled workers),New Avenues for Legal Labour Migration,New Avenues for Legal Labour Migration,,
57,763,8259,2014-2019,0.6650084,0.60–0.70,"Proposal for a Law amending the Law on Copyright (Implementation of the Marrakesh Directive, etc.).","the Law on Copyright (Implementation of the Marrakesh Directive, etc.)",Harmonisation of certain aspects of copyright and related rights,Harmonisation of certain aspects of copyright and related rights,,
58,693,5492,2009-2014,0.6654965,0.60–0.70,Proposal for a law amending the Law on Working Conditions. (Access to interviews with employees by the Labour Inspectorate and use of funds for cross-cutting activities).,the Law on Working Conditions. (Access to interviews with employees by the Labour Inspectorate and use of funds for cross-cutting activities),Effective labour inspections as a strategy to improve working conditions,Effective labour inspections as a strategy to improve working conditions,,
59,1657,4669,2009-2014,0.672027,0.60–0.70,Proposal for a law for the Faroe Islands implementing restrictive measures against Russia and Belarus.,for the Faroe Islands implementing restrictive measures against Russia and Belarus,EU policy towards Belarus,policy towards Belarus,,
60,222,12440,2014-2019,0.6781182,0.60–0.70,"Proposal for a law amending the Code of Criminal Procedure (Exclusion of blood tests, participation of the Public Prosecutor in hearings via video communications by extension of time limits, etc.).","the Code of Criminal Procedure (Exclusion of blood tests, participation of the Public Prosecutor in hearings via video communications by extension of time limits, etc.)",Common minimum standards of civil procedure,Common minimum standards of civil procedure,,
61,1314,7818,2014-2019,0.7024782,0.70–0.80,Proposal for a law amending the law on maternity leave. (Temporary entitlement to child care allowance as a result of covid-19).,the law on maternity leave. (Temporary entitlement to child care allowance as a result of covid-19),Maternity leave,Maternity leave,,
62,204,17518,2019-2024,0.70500284,0.70–0.80,Draft law amending the law on integration and the law on planning. (Temporary accommodation of refugees).,the law on integration and the law on planning. (Temporary accommodation of refugees),Implementation of Article 43 of the Asylum Procedures Directive,Implementation of Article 43 of the Asylum Procedures Directive,,
63,874,8481,2014-2019,0.71131265,0.70–0.80,"Proposal for a law amending the Financial Statements Act, the Auditor Act and the Law on the application of certain acts of the European Union on financial relations with third countries, etc. (Adjustments to Directive 2013/34/EU of the European Parliament and of the Council, amendments to the requirements for the training of auditors and enhanced controls in relation to applications for authorisation of exports of cyber surveillance equipment).","the Financial Statements Act, the Auditor Act and the Law on the application of certain acts of the European Union on financial relations with third countries, etc. (Adjustments to Directive 2013/34/EU of the European Parliament and of the Council, amendments to the requirements for the training of auditors and enhanced controls in relation to applications for authorisation of exports of cyber surveillance equipment)",30th and 31st annual reports on monitoring the application of EU law (2012-2013),30th and 31st annual reports on monitoring the application of EU law (2012-2013),,
64,1193,7818,2014-2019,0.7144103,0.70–0.80,Proposal for a law amending the sickness benefit and the law on maternity leave.,the sickness benefit and the law on maternity leave,Maternity leave,Maternity leave,,
65,1250,14634,2014-2019,0.71730185,0.70–0.80,Proposal for a law amending the law on chemicals and repealing the law on the treatment of information on the use of plant protection products in agriculture.,the law on chemicals and repealing the law on the treatment of information on the use of plant protection products in agriculture,Implementation of the Plant Protection Products Regulation,Implementation of the Plant Protection Products Regulation,,
66,1814,14350,2014-2019,0.71735567,0.70–0.80,Proposal for a Law amending the Bankruptcy Act (Revision of bankruptcy law).,the Bankruptcy Act (Revision of bankruptcy law),Insolvency proceedings: updated annexes to the Regulation,Insolvency proceedings: updated annexes to the Regulation,,
67,1604,5342,2009-2014,0.72191864,0.70–0.80,Proposal for a law on the implementation of the double taxation convention and its Protocol between the Kingdom of Denmark and the French Republic.,the implementation of the double taxation convention and its Protocol between the Kingdom of Denmark and the French Republic,EU-France agreement concerning the application to the collectivity of Saint-Barthélemy of Union legislation on taxation,EU-France agreement concerning the application to the collectivity of Saint-Barthélemy of Union legislation on taxation,,
68,155,3998,2009-2014,0.7244369,0.70–0.80,Proposal for a law for Greenland on capital requirements and prudential requirements for credit institutions and investment firms.,for Greenland on capital requirements and prudential requirements for credit institutions and investment firms,Prudential requirements for credit institutions and investment firms,Prudential requirements for credit institutions and investment firms,,
69,1405,17109,2014-2019,0.7298428,0.70–0.80,Proposal for a law amending the law on the approval and inspection of vehicles (approval of vehicles not covered by the type-approval regulations).,the law on the approval and inspection of vehicles (approval of vehicles not covered by the type-approval regulations),Type-approval requirements for motor vehicles as regards general safety,Type-approval requirements for motor vehicles as regards general safety,,
70,1618,6679,2009-2014,0.7304176,0.70–0.80,"Proposal for a law amending the law on livestock farming and the use of fertilisers, etc. (Reduction of greenhouse gas emissions from commercial livestock).","the law on livestock farming and the use of fertilisers, etc. (Reduction of greenhouse gas emissions from commercial livestock)","Food and feed law, rules on animal health and welfare, plant health, plant reproductive material and plant protection products","Food and feed law, rules on animal health and welfare, plant health, plant reproductive material and plant protection products",,
71,1258,12440,2014-2019,0.7304753,0.70–0.80,Proposal for a law amending the Code of Criminal Procedure.,the Code of Criminal Procedure,Common minimum standards of civil procedure,Common minimum standards of civil procedure,,
72,565,566,2009-2014,0.74748266,0.70–0.80,Proposal for a law amending the Animal Protection Act and the Animal Maintenance Act. (Educational requirements and publication of control results).,the Animal Protection Act and the Animal Maintenance Act. (Educational requirements and publication of control results),Evaluation and assessment of the Animal Welfare Action Plan 2006-2010,Evaluation and assessment of the Animal Welfare Action Plan 2006-2010,,
73,948,8630,2014-2019,0.7486063,0.70–0.80,Proposal for a law amending the law on equal opportunities for women and men. (Simplifying the rules on reporting equality statements).,the law on equal opportunities for women and men. (Simplifying the rules on reporting equality statements),Equal opportunities and equal treatment of men and women in matters of employment and occupation,Equal opportunities and equal treatment of men and women in matters of employment and occupation,,
74,905,18254,2019-2024,0.7538686,0.70–0.80,Proposal for a law on the continuation of certain rights relating to the withdrawal of the United Kingdom from the European Union without an agreement.,the continuation of certain rights relating to the withdrawal of the United Kingdom from the European Union without an agreement,Union's rights in enforcing and implementing the UK Withdrawal Agreement and the EU-UK Trade and Cooperation Agreement,Union's rights in enforcing and implementing the UK Withdrawal Agreement and the EU-UK Trade and Cooperation Agreement,,
75,1416,560,2009-2014,0.7571711,0.70–0.80,"Proposal for a law amending the law on the administration of grants from the European Regional Fund and the European Social Fund and the Law on business promotion. (Adjustments to the rules on the administration of EU regulations concerning the Regional Fund, the Social Fund Plus and the Fund for Fair Conversion etc.).","the law on the administration of grants from the European Regional Fund and the European Social Fund and the Law on business promotion. (Adjustments to the rules on the administration of EU regulations concerning the Regional Fund, the Social Fund Plus and the Fund for Fair Conversion etc.)","General provisions on the European Regional Development Fund, the European Social Fund and the Cohesion Fund as regards simplification of certain requirements and as regards certain provisions relating to financial management","General provisions on the European Regional Development Fund, the European Social Fund and the Cohesion Fund as regards simplification of certain requirements and as regards certain provisions relating to financial management",,
76,677,16358,2014-2019,0.7587137,0.70–0.80,Proposal for a law amending the Cybersecurity Centre Act. (Consequences changes resulting from the Data Protection Regulation and the Data Protection Act).,the Cybersecurity Centre Act. (Consequences changes resulting from the Data Protection Regulation and the Data Protection Act),EU Cybersecurity Act,Cybersecurity Act,,
77,832,18718,2019-2024,0.7911678,0.70–0.80,Proposal for a law amending the Law on the Protection of the Environment.,the Law on the Protection of the Environment,Protection of the environment through criminal law,Protection of the environment through criminal law,,
78,500,18718,2019-2024,0.7911678,0.70–0.80,Proposal for a law amending the Law on the Protection of the Environment.,the Law on the Protection of the Environment,Protection of the environment through criminal law,Protection of the environment through criminal law,,
79,278,18718,2019-2024,0.7911678,0.70–0.80,Proposal for a law amending the Law on the Protection of the Environment.,the Law on the Protection of the Environment,Protection of the environment through criminal law,Protection of the environment through criminal law,,
80,1465,18718,2019-2024,0.7911678,0.70–0.80,Proposal for a law amending the Law on the Protection of the Environment.,the Law on the Protection of the Environment,Protection of the environment through criminal law,Protection of the environment through criminal law,,
81,1775,6679,2009-2014,0.8018945,0.80+,"Proposal for a law amending the law on livestock farming and the use of fertilisers, etc. (Authorisation to lay down rules on livestock production technologies and the overall approval or authorisation of livestock farming).","the law on livestock farming and the use of fertilisers, etc. (Authorisation to lay down rules on livestock production technologies and the overall approval or authorisation of livestock farming)","Food and feed law, rules on animal health and welfare, plant health, plant reproductive material and plant protection products","Food and feed law, rules on animal health and welfare, plant health, plant reproductive material and plant protection products",,
82,1321,14874,2014-2019,0.8079536,0.80+,Proposal for a law on unfair commercial practices in relations between enterprises in the agricultural and food supply chain.,unfair commercial practices in relations between enterprises in the agricultural and food supply chain,Unfair trading practices in business-to-business relationships in the food supply chain,Unfair trading practices in business-to-business relationships in the food supply chain,,
83,2112,18432,2019-2024,0.8104294,0.80+,Proposal for a law on the appointment of legal representatives of certain service providers for the collection of electronic evidence in criminal proceedings.,the appointment of legal representatives of certain service providers for the collection of electronic evidence in criminal proceedings,Electronic evidence in criminal proceedings: legal representatives directive,Electronic evidence in criminal proceedings: legal representatives directive,,
84,1339,4276,2009-2014,0.81388354,0.80+,Proposal for a law amending the law on the re-use of public sector information. (Enlargement of the scope of the law and introduction of free access to high value public data sets).,the law on the re-use of public sector information. (Enlargement of the scope of the law and introduction of free access to high value public data sets),Re-use of public sector information,Re-use of public sector information,,
85,97,4688,2009-2014,0.8276856,0.80+,"Proposal for a law amending the law on the manufacture, presentation and sale of tobacco products.","the law on the manufacture, presentation and sale of tobacco products","Manufacture, presentation and sale of tobacco and related products","Manufacture, presentation and sale of tobacco and related products",,
86,845,2716,2009-2014,0.82840955,0.80+,Proposal for a law amending the law on taxation of electricity and the law on tax-free compensation for increased energy and environmental taxes.,the law on taxation of electricity and the law on tax-free compensation for increased energy and environmental taxes,Taxation of energy products and electricity,Taxation of energy products and electricity,,
87,868,5692,2009-2014,0.82907665,0.80+,Proposal for a law amending the Law on Fisheries.,the Law on Fisheries,Compliance with the rules of the Common Fisheries Policy,Compliance with the rules of the Common Fisheries Policy,,
88,970,18956,2019-2024,0.84491134,0.80+,Proposal for a law amending the law on money laundering and the law on financial services. (Implementation of the fifth money laundering directive).,the law on money laundering and the law on financial services. (Implementation of the fifth money laundering directive),The sixth Anti-Money Laundering Directive,The sixth Anti-Money Laundering Directive,,
89,1036,19577,2024-2029,0.856393,0.80+,Proposal for a law amending the tobacco tax law and the law on various excise duties.,the tobacco tax law and the law on various excise duties,General arrangements for excise duty applied to tobacco and tobacco related products,General arrangements for excise duty applied to tobacco and tobacco related products,,
90,692,2716,2009-2014,0.8623433,0.80+,Proposal for a law amending the law on the taxation of electricity.,the law on the taxation of electricity,Taxation of energy products and electricity,Taxation of energy products and electricity,,
91,600,8683,2014-2019,0.8690213,0.80+,Proposal for a law on package travel and mixed travel arrangements.,package travel and mixed travel arrangements,Package travel and linked travel arrangements,Package travel and linked travel arrangements,,
92,1656,4276,2009-2014,0.8734368,0.80+,Proposal for a law amending the law on the re-use of public sector information.,the law on the re-use of public sector information,Re-use of public sector information,Re-use of public sector information,,
93,1915,5146,2009-2014,0.8747622,0.80+,Proposal for a law on gender distribution among directors in certain large listed public limited companies (the Gender Balance Act).,gender distribution among directors in certain large listed public limited companies (the Gender Balance Act),Gender balance among non-executive directors of companies listed on stock exchanges,Gender balance among non-executive directors of companies listed on stock exchanges,,
94,724,6009,2009-2014,0.8821343,0.80+,Proposal for a law on the accessibility of public sector websites and mobile applications.,the accessibility of public sector websites and mobile applications,Accessibility of public sector bodies' websites,Accessibility of public sector bodies' websites,,
95,1702,17772,2019-2024,0.89503586,0.80+,Draft law on credit service companies and credit buyers.,credit service companies and credit buyers,Credit servicers and credit purchasers,Credit servicers and credit purchasers,,
96,1898,19242,2024-2029,0.9191712,0.80+,Proposal for a law supplementing the regulation establishing a carbon border adjustment mechanism.,the regulation establishing a carbon border adjustment mechanism,Carbon Border Adjustment Mechanism: simplification and strengthening,Carbon Border Adjustment Mechanism: simplification and strengthening,,
97,1272,6770,2009-2014,0.94214183,0.80+,Proposal for a law on products and market surveillance.,products and market surveillance,Market surveillance of products,Market surveillance of products,,
98,444,5887,2009-2014,0.9647845,0.80+,Proposal for a law on the European Union Agency for Law Enforcement Cooperation (Europol).,the European Union Agency for Law Enforcement Cooperation (Europol),European Union Agency for Law Enforcement Cooperation and Training (Europol),European Union Agency for Law Enforcement Cooperation and Training (Europol),,
99,548,6615,2009-2014,0.9712107,0.80+,Proposal for a law on infrastructure for alternative fuels.,infrastructure for alternative fuels,Alternative fuels infrastructure,Alternative fuels infrastructure,,
100,772,6102,2009-2014,1.0000004,0.80+,Draft law on electronic invoicing in public procurement.,electronic invoicing in public procurement,Electronic invoicing in public procurement,Electronic invoicing in public procurement,,
