pair_id,dk_index,ep_index,ep_period,cosine_similarity,similarity_band,dk_title_original,dk_title_clean,ep_title_original,ep_title_clean,theme_match,notes,same,annotator
1,511,2934,2009-2014,0.43747675,< 0.50,Proposal for a law on the purchase of social pedagogical accompaniment during holidays.,the purchase of social pedagogical accompaniment during holidays,Cross-border voluntary activities in the EU,Cross-border voluntary activities in the EU,,,0,1
2,114,17399,2019-2024,0.44287032,< 0.50,Proposal for a law on the construction and operation of a fixed link over Fehmarnbelt and related landworks in Denmark.,the construction and operation of a fixed link over Fehmarnbelt and related landworks in Denmark,Application of railway safety and interoperability rules within the Channel Fixed Link,Application of railway safety and interoperability rules within the Channel Fixed Link,,,0,2
3,621,13153,2014-2019,0.4498216,< 0.50,Proposal for a law on the development and sale of state land with campsites.,the development and sale of state land with campsites,Amendments to various Regulations in the field of agriculture and rural development,Amendments to various Regulations in the field of agriculture and rural development,,,0,2
4,919,683,2009-2014,0.45205224,< 0.50,Draft law on a tax-free senior premium.,a tax-free senior premium,Mandate for the trilogue on the 2011 Draft Budget,Mandate for the trilogue on the 2011 Draft Budget,,,0,2
5,1058,18581,2019-2024,0.4589824,< 0.50,Proposal for a law amending the law on equations.,the law on equations,The implementation of the principle of primacy of EU law,The implementation of the principle of primacy of EU law,,,0,1
6,518,16423,2014-2019,0.46785372,< 0.50,Draft law amending the law on equations. (Freedom of charge for Olympic and PL prizes).,the law on equations. (Freedom of charge for Olympic and PL prizes),Proposed amendments to Protocol No 3 on the Statute of the Court of Justice of the European Union,Proposed amendments to Protocol No 3 on the Statute of the Court of Justice of the European Union,,,0,1
7,497,18775,2019-2024,0.47583345,< 0.50,Proposal for a law prohibiting the use of certain properties as a gathering point for a group.,the use of certain properties as a gathering point for a group,Industrial property: protection of Community designs,Industrial property: protection of Community designs,,,0,2
8,459,14383,2014-2019,0.47870672,< 0.50,Proposal for a law amending the law on equations. (Freedom of movement allowance during basic integration training).,the law on equations. (Freedom of movement allowance during basic integration training),"Amending Regulation (EC) No 561/2006 as regards on minimum requirements on maximum daily and weekly driving times, minimum breaks and daily and weekly rest periods and Regulation (EU) 165/2014 as regards positioning by means of tachographs","Amending Regulation (EC) No 561/2006 as regards on minimum requirements on maximum daily and weekly driving times, minimum breaks and daily and weekly rest periods and Regulation (EU) 165/2014 as regards positioning by means of tachographs",,,0,1
9,1310,15068,2014-2019,0.4812305,< 0.50,Proposal for a law on one-off grants to recipients of social security benefits.,one-off grants to recipients of social security benefits,State aid rules: new categories of State aid,State aid rules: new categories of State aid,,,1,2
10,1117,17138,2014-2019,0.48556218,< 0.50,Proposal for a law amending the law on the accreditation of higher education institutions.,the law on the accreditation of higher education institutions,Adapting a number of legal acts providing for the use of the regulatory procedure with scrutiny to Articles 290 and 291 TFEU - part II,Adapting a number of legal acts providing for the use of the regulatory procedure with scrutiny to Articles 290 and 291 TFEU - part II,,,0,1
11,445,17930,2019-2024,0.48645702,< 0.50,"Proposal for a law amending the University Act, the SU Act and other laws. (Salary project-oriented courses in certain countries and possibility of recognition during unpaid project-oriented courses, internships and study placements).","the University Act, the SU Act and other laws. (Salary project-oriented courses in certain countries and possibility of recognition during unpaid project-oriented courses, internships and study placements)",Strengthening the application of the principle of equal pay for equal work or work of equal value between men and women,Strengthening the application of the principle of equal pay for equal work or work of equal value between men and women,,,0,1
12,828,13692,2014-2019,0.48733866,< 0.50,Proposal for a law amending the Law on a Cityring and the Law on the Metro Company I/S and the Development Company City & Port I/S. (Developing the area of Ny Ellebjerg Station).,the Law on a Cityring and the Law on the Metro Company I/S and the Development Company City & Port I/S. (Developing the area of Ny Ellebjerg Station),Objection to Commission delegated regulation amending Regulation (EU) No 347/2013 as regards the Union list of projects of common interest,Objection to Commission delegated regulation amending Regulation (EU) No 347/2013 as regards the Union list of projects of common interest,,,0,1
13,689,5956,2009-2014,0.48737317,< 0.50,"Proposal for a law amending the Law on the Authorization of Healthcare Professionals and the Law on the Use of Force in the Somatic Treatment of Permanent Inhabiles (Autotorisation of Cheese Opates, Expansion of Dental Fields, etc.).","the Law on the Authorization of Healthcare Professionals and the Law on the Use of Force in the Somatic Treatment of Permanent Inhabiles (Autotorisation of Cheese Opates, Expansion of Dental Fields, etc.)",Amendment to Decision 2004/162/EC with regard to its implementation in Mayotte from 1 January 2014,Amendment to Decision 2004/162/EC with regard to its implementation in Mayotte from 1 January 2014,,,0,1
14,821,12618,2014-2019,0.48839405,< 0.50,Draft law amending the daily offer law. (Better distribution in day-care institutions).,the daily offer law. (Better distribution in day-care institutions),Draft amending budget No 3/2017: budgetary resources of the Youth Employment Initiative; establishment plans of ACER and SESAR3,Draft amending budget No 3/2017: budgetary resources of the Youth Employment Initiative; establishment plans of ACER and SESAR3,,,0,1
15,1819,11646,2014-2019,0.49075618,< 0.50,Proposal for a law amending the Health Act. (Establishment of readily accessible municipal treatment services for children and young people with mental malaria and symptoms of mental illness).,the Health Act. (Establishment of readily accessible municipal treatment services for children and young people with mental malaria and symptoms of mental illness),Motions for resolutions - Paediatric medicines,Paediatric medicines,,,1,2
16,200,18623,2019-2024,0.49194998,< 0.50,Proposal for a law repealing the Advertising Tax Act.,the Advertising Tax Act,Further reform of corporate taxation rules,Further reform of corporate taxation rules,,,1,2
17,452,302,2009-2014,0.49426335,< 0.50,Draft law on tests in the church.,tests in the church,Uganda: anti-homosexual draft legislation,Uganda: anti-homosexual draft legislation,,,0,1
18,1664,9123,2014-2019,0.4947366,< 0.50,Draft property tax law.,Draft property tax law,Tax rulings and other measures similar in nature or effect,Tax rulings and other measures similar in nature or effect,,,1,2
19,805,104,2009-2014,0.49672925,< 0.50,Draft law amending the Military Service Act. (Derogation from military service for certain persons who have been discharged for duty before 2010).,the Military Service Act. (Derogation from military service for certain persons who have been discharged for duty before 2010),"Draft general budget of the European Union - 2010 financial year - Draft amendments to and proposals for modification relating to the appropriations in Section III and Sections I, II, IV, V, VI, VII, VIII and IX","Draft general budget of the European Union - 2010 financial year - Draft amendments to and proposals for modification relating to the appropriations in Section III and Sections I, II, IV, V, VI, VII, VIII and IX",,,0,1
20,387,11239,2014-2019,0.49987665,< 0.50,Proposal for a Law on Veterans' Job Schemes.,Veterans' Job Schemes,Motions for resolutions - European Voluntary Service,European Voluntary Service,,,0,1
21,1260,19466,2024-2029,0.512292,0.50–0.60,Proposal for a law prohibiting the supply of paperwork etc. to examiners at an educational establishment of the Ministry of Children and Education or the Ministry of Education and Research.,the supply of paperwork etc. to examiners at an educational establishment of the Ministry of Children and Education or the Ministry of Education and Research,Proposal for a regulation of the European Parliament and of the Council amending Regulation (EU) 2021/1232 as regards the extension of its period of application,Proposal for a regulation of the European Parliament and of the Council amending Regulation (EU) 2021/1232 as regards the extension of its period of application,,,0,2
22,1287,7505,2014-2019,0.5171132,0.50–0.60,Proposal for a law amending the daily offer law.,the daily offer law,Amendment of the MFF 2014-2020,Amendment of the MFF 2014-2020,,,0,2
23,1389,10250,2014-2019,0.5295805,0.50–0.60,Draft law on the renewal of agreements and agreements for nurses.,the renewal of agreements and agreements for nurses,Framework Agreement on parental leave,Framework Agreement on parental leave,,,0,1
24,577,19456,2024-2029,0.53859824,0.50–0.60,Proposal for a law amending the law on rental and the law on rental of general housing. (Promotion of digital communication in housing conditions).,the law on rental and the law on rental of general housing. (Promotion of digital communication in housing conditions),"Housing crisis in the European Union with the aim of proposing solutions for decent, sustainable and affordable housing","Housing crisis in the European Union with the aim of proposing solutions for decent, sustainable and affordable housing",,,1,2
25,2060,12355,2014-2019,0.543723,0.50–0.60,Proposal for a law amending the law on the elderly.,the law on the elderly,Protection of vulnerable adults,Protection of vulnerable adults,,,1,2
26,1096,392,2009-2014,0.54501444,0.50–0.60,"Proposal for a law amending the SU Act, Law on State Adult Education Support, Law on Carriage Discounts for Higher Education Students and the Law on Carriage Discounts for Higher Education Students, etc. (SU for admission courses at institutions for vocational education, redemption of previous student loans for the admission of new student loans, foreign grant for non-level courses at candidate level, legal basis for establishing rules on joint data responsibility, etc.).","the SU Act, Law on State Adult Education Support, Law on Carriage Discounts for Higher Education Students and the Law on Carriage Discounts for Higher Education Students, etc. (SU for admission courses at institutions for vocational education, redemption of previous student loans for the admission of new student loans, foreign grant for non-level courses at candidate level, legal basis for establishing rules on joint data responsibility, etc.)",Amendment of Council Regulation (EC) No 1085/2006 of 17 July 2006 establishing an Instrument for Pre-Accession Assistance (IPA),Amendment of Council Regulation (EC) No 1085/2006 of 17 July 2006 establishing an Instrument for Pre-Accession Assistance (IPA),,,0,1
27,2085,18794,2019-2024,0.55646,0.50–0.60,Proposal for a law amending the law on spatial information.,the law on spatial information,Reporting requirements for infrastructures for spatial information,Reporting requirements for infrastructures for spatial information,,,1,1
28,998,19080,2024-2029,0.5610175,0.50–0.60,"Proposal for a law amending the law on general housing, etc. (Addendums to new buildings built in cooperation with private parties).","the law on general housing, etc. (Addendums to new buildings built in cooperation with private parties)","Setting up a Special Committee on the Housing Crisis in the European Union, and defining its responsibilities, numerical strength and term of office","Setting up a Special Committee on the Housing Crisis in the European Union, and defining its responsibilities, numerical strength and term of office",,,1,2
29,1850,18498,2019-2024,0.56108975,0.50–0.60,"Proposal for a law amending the law on foreigners, the law on vocational training and the law on vocational training institutions.","the law on foreigners, the law on vocational training and the law on vocational training institutions",Amending the proposed mechanism to resolve legal and administrative obstacles in a cross-border context,Amending the proposed mechanism to resolve legal and administrative obstacles in a cross-border context,,,1,1
30,2024,7503,2014-2019,0.5641565,0.50–0.60,"Proposal for a law amending the Social Services Act. (Possibility of termination of a surviving spouse, cohabitant or registered partner from a long-term residence offer).","the Social Services Act. (Possibility of termination of a surviving spouse, cohabitant or registered partner from a long-term residence offer)",Decision establishing the Social Protection Committee,Decision establishing the Social Protection Committee,,,0,2
31,1647,1471,2009-2014,0.57009953,0.50–0.60,Proposal for a law amending the Act on Active Employment.,the Act on Active Employment,Guidelines for the employment policies of the Member State,Guidelines for the employment policies of the Member State,,,0,1
32,935,13153,2014-2019,0.5709354,0.50–0.60,Proposal for a law amending the law on urban renewal and urban development. (Support for strengthened action in villages).,the law on urban renewal and urban development. (Support for strengthened action in villages),Amendments to various Regulations in the field of agriculture and rural development,Amendments to various Regulations in the field of agriculture and rural development,,,1,1
33,637,18498,2019-2024,0.5731326,0.50–0.60,Proposal for a law amending the law on aliens.,the law on aliens,Amending the proposed mechanism to resolve legal and administrative obstacles in a cross-border context,Amending the proposed mechanism to resolve legal and administrative obstacles in a cross-border context,,,1,2
34,1034,5859,2009-2014,0.5749911,0.50–0.60,"Proposal for a law amending the Law on the energy tax of petroleum products, etc. and the Law on the carbon dioxide tax of certain energy products.","the Law on the energy tax of petroleum products, etc. and the Law on the carbon dioxide tax of certain energy products","Recommendation for a decision, pursuant to Rules 88(4)(d) and 87a(6) of the Rules of Procedure, to raise no objections to draft Commission Regulation (EU) No.../...amending Regulation (EU) No 1031/2010 in particular to determine the volumes of greenhouse gas emission allowances to be auctioned in 2013-2020","Recommendation for a decision, pursuant to Rules 88(4)(d) and 87a(6) of the Rules of Procedure, to raise no objections to draft Commission Regulation (EU) No.../...amending Regulation (EU) No 1031/2010 in particular to determine the volumes of greenhouse gas emission allowances to be auctioned in 2013-2020",,,0,1
35,994,1098,2009-2014,0.5854231,0.50–0.60,"Proposal for a law amending the Law on electricity supply, the Law on Energy Networks and the Law on the Promotion of Renewable Energy.","the Law on electricity supply, the Law on Energy Networks and the Law on the Promotion of Renewable Energy",Amendment of Regulation (EC) No 663/2009 establishing a programme to aid economic recovery by granting Community financial assistance to projects in the field of energy,Amendment of Regulation (EC) No 663/2009 establishing a programme to aid economic recovery by granting Community financial assistance to projects in the field of energy,,,1,1
36,1719,12315,2014-2019,0.5859675,0.50–0.60,Proposal for a law amending the law on higher education (the continuing training system) for adults.,the law on higher education (the continuing training system) for adults,Motions for resolutions - European Qualifications Framework for lifelong learning,European Qualifications Framework for lifelong learning,,,1,1
37,1280,7310,2014-2019,0.5875067,0.50–0.60,Draft law amending the Criminal Code. (Strengthening the penalty for violation of the criminal code's terrorist provisions).,the Criminal Code. (Strengthening the penalty for violation of the criminal code's terrorist provisions),Anti-terrorism measures,Anti-terrorism measures,,,1,2
38,1549,3505,2009-2014,0.5922092,0.50–0.60,Proposal for a law amending the law on urban renewal and urban development and the law on housing.,the law on urban renewal and urban development and the law on housing,Urban redevelopment as contribution to economic growth,Urban redevelopment as contribution to economic growth,,,1,2
39,254,16423,2014-2019,0.594251,0.50–0.60,Proposal for a law amending the law on legal certainty and administration in the social field and various other laws.,the law on legal certainty and administration in the social field and various other laws,Proposed amendments to Protocol No 3 on the Statute of the Court of Justice of the European Union,Proposed amendments to Protocol No 3 on the Statute of the Court of Justice of the European Union,,,0,2
40,2009,392,2009-2014,0.5948332,0.50–0.60,"Proposal for a law amending the University Law, the Law on the Accreditation of Higher Education Institutions and various other laws. (Candidate education of 75 ECTS points, new vocational training courses and other elements from the agreement on the reform of university education in Denmark etc.).","the University Law, the Law on the Accreditation of Higher Education Institutions and various other laws. (Candidate education of 75 ECTS points, new vocational training courses and other elements from the agreement on the reform of university education in Denmark etc.)",Amendment of Council Regulation (EC) No 1085/2006 of 17 July 2006 establishing an Instrument for Pre-Accession Assistance (IPA),Amendment of Council Regulation (EC) No 1085/2006 of 17 July 2006 establishing an Instrument for Pre-Accession Assistance (IPA),,,0,1
41,286,19466,2024-2029,0.6041659,0.60–0.70,"Proposal for a law amending the Law on Public Roads, etc., the Railway Act and various other laws (Implementation of the EIA Directive for State Road and Rail Projects and Port Projects).","the Law on Public Roads, etc., the Railway Act and various other laws (Implementation of the EIA Directive for State Road and Rail Projects and Port Projects)",Proposal for a regulation of the European Parliament and of the Council amending Regulation (EU) 2021/1232 as regards the extension of its period of application,Proposal for a regulation of the European Parliament and of the Council amending Regulation (EU) 2021/1232 as regards the extension of its period of application,,,0,1
42,426,7191,2014-2019,0.60469246,0.60–0.70,"Draft law amending the law on the recovery of public debt and various other laws. (Simplification of rules on the recovery of public debt, etc.).","the law on the recovery of public debt and various other laws. (Simplification of rules on the recovery of public debt, etc.)","Draft amending budget No 3/2014: Revenue from fines, interest payments, reimbursements and repayments – Payment appropriations – Establishment plans of the Commission, the Committee of the Regions and the European Data Protection Supervisor","Draft amending budget No 3/2014: Revenue from fines, interest payments, reimbursements and repayments – Payment appropriations – Establishment plans of the Commission, the Committee of the Regions and the European Data Protection Supervisor",,,1,2
43,1859,19466,2024-2029,0.61764467,0.60–0.70,"Draft law amending the Law on the Environmental and Food Complaints Board, the Law on the Board of Appeal, the Law on the Promotion of Renewable Energy and various other laws. (Effectiveisation of proceedings in the Board of Appeal, the Environmental and Food Complaints Board and the Energy Complaints Board, etc.).","the Law on the Environmental and Food Complaints Board, the Law on the Board of Appeal, the Law on the Promotion of Renewable Energy and various other laws. (Effectiveisation of proceedings in the Board of Appeal, the Environmental and Food Complaints Board and the Energy Complaints Board, etc.)",Proposal for a regulation of the European Parliament and of the Council amending Regulation (EU) 2021/1232 as regards the extension of its period of application,Proposal for a regulation of the European Parliament and of the Council amending Regulation (EU) 2021/1232 as regards the extension of its period of application,,,0,1
44,120,17996,2019-2024,0.623977,0.60–0.70,"Proposal for a law amending the law on taxation of electricity and VAT (Adjustments to the wholesale model, etc. and introduction of reverse charge on the gas and electricity markets).","the law on taxation of electricity and VAT (Adjustments to the wholesale model, etc. and introduction of reverse charge on the gas and electricity markets)",Common system of value added tax (VAT): extension of the application period of the optional reverse charge mechanism in relation to supplies of certain goods and services susceptible to fraud and of the Quick Reaction Mechanism against VAT fraud,Common system of value added tax (VAT): extension of the application period of the optional reverse charge mechanism in relation to supplies of certain goods and services susceptible to fraud and of the Quick Reaction Mechanism against VAT fraud,,,1,2
45,671,19331,2024-2029,0.62432766,0.60–0.70,"Proposal for a law amending the law on a guarantee fund for non-life insurance companies and the law on financial activities. (Fixing requirements for membership of the Guarantee Fund for non-life insurance companies (Fonden) for EU/EEA direct non-life insurance companies operating insurance activities in Denmark via branch or cross-border service activities, and changing the scope of the Fund, etc.).","the law on a guarantee fund for non-life insurance companies and the law on financial activities. (Fixing requirements for membership of the Guarantee Fund for non-life insurance companies (Fonden) for EU/EEA direct non-life insurance companies operating insurance activities in Denmark via branch or cross-border service activities, and changing the scope of the Fund, etc.)",Increasing the efficiency of the EU guarantee under the InvestEU Regulation and simplifying reporting requirements,Increasing the efficiency of the EU guarantee under the InvestEU Regulation and simplifying reporting requirements,,,0,1
46,1285,17081,2014-2019,0.62663424,0.60–0.70,Proposal for a law amending the Law on Air Transport.,the Law on Air Transport,EU-Philippines Agreement on certain aspects of air services,EU-Philippines Agreement on certain aspects of air services,,,1,1
47,538,18623,2019-2024,0.63012487,0.60–0.70,Proposal for a Law amending the Tax Administration Act and the law on equations.,the Tax Administration Act and the law on equations,Further reform of corporate taxation rules,Further reform of corporate taxation rules,,,1,2
48,1882,18119,2019-2024,0.63286495,0.60–0.70,"Proposal for a law amending the Law on Nature Conservation and repealing the Law on the administration of European Union regulations on trade in timber and wood products to combat trade in illegally harvested timber. (Additional provisions for the deforestation regulation on supervision, fees and confiscation, etc.).","the Law on Nature Conservation and repealing the Law on the administration of European Union regulations on trade in timber and wood products to combat trade in illegally harvested timber. (Additional provisions for the deforestation regulation on supervision, fees and confiscation, etc.)",Deforestation Regulation,Deforestation Regulation,,,1,1
49,1735,18833,2019-2024,0.63780916,0.60–0.70,"Proposal for a law amending the Aliens Act, law on temporary residence permits for displaced persons from Ukraine, and the Return Travel Act. (Strengthening of alien authorities and police tools for controlling the entry and residence of foreigners in Denmark).","the Aliens Act, law on temporary residence permits for displaced persons from Ukraine, and the Return Travel Act. (Strengthening of alien authorities and police tools for controlling the entry and residence of foreigners in Denmark)","Establishing a return border procedure, and amending Regulation (EU) 2021/1148","Establishing a return border procedure, and amending Regulation (EU) 2021/1148",,,1,2
50,456,18623,2019-2024,0.6410874,0.60–0.70,"Proposal for a law amending the fund tax law, the law on equations and the tax control law.","the fund tax law, the law on equations and the tax control law",Further reform of corporate taxation rules,Further reform of corporate taxation rules,,,1,1
51,728,17536,2019-2024,0.64384735,0.60–0.70,"Proposal for a law amending the Building Act. (Determination of decision-making powers concerning fire-related relations with § 60 companies, price-fixing of construction costs, etc.).","the Building Act. (Determination of decision-making powers concerning fire-related relations with § 60 companies, price-fixing of construction costs, etc.)",Implementation of the Construction Products Regulation,Implementation of the Construction Products Regulation,,,1,2
52,1003,18773,2019-2024,0.6449536,0.60–0.70,"Proposal for a law amending the Law on Financial Activities, the Act on Payments, the Law on Capital Markets, the Act on Investment Funds, etc., and the Companies Act and various other laws. (Direct debits, handling of claims under a building damage insurance contract signed in the Qudos Insurance A/S, whistleblower scheme for companies with limited permission, statutory auditor's obligation to notify the FSA and amendment of the procedure for redemption of minority shareholders, etc.).","the Law on Financial Activities, the Act on Payments, the Law on Capital Markets, the Act on Investment Funds, etc., and the Companies Act and various other laws. (Direct debits, handling of claims under a building damage insurance contract signed in the Qudos Insurance A/S, whistleblower scheme for companies with limited permission, statutory auditor's obligation to notify the FSA and amendment of the procedure for redemption of minority shareholders, etc.)",Amending certain financial services and investment support regulations as regards certain reporting requirements,Amending certain financial services and investment support regulations as regards certain reporting requirements,,,1,2
53,897,19246,2024-2029,0.6450664,0.60–0.70,Proposal for a law amending the Procurement Act. (Publication of all parts of the evaluation model and requirements for quality evaluation without knowledge of the price of certain major works contracts).,the Procurement Act. (Publication of all parts of the evaluation model and requirements for quality evaluation without knowledge of the price of certain major works contracts),Public procurement,Public procurement,,,1,2
54,1815,16423,2014-2019,0.64989334,0.60–0.70,Proposal for a law amending the Code of Criminal Procedure. (Implementation of agreement on initiatives relating to the deadline for transposition in criminal matters).,the Code of Criminal Procedure. (Implementation of agreement on initiatives relating to the deadline for transposition in criminal matters),Proposed amendments to Protocol No 3 on the Statute of the Court of Justice of the European Union,Proposed amendments to Protocol No 3 on the Statute of the Court of Justice of the European Union,,,1,1
55,1726,18212,2019-2024,0.65884864,0.60–0.70,Proposal for a law amending the law on road transport companies (10-year regular service permits for zero-emission buses).,the law on road transport companies (10-year regular service permits for zero-emission buses),Transport: repealing obsolete Regulations,Transport: repealing obsolete Regulations,,,0,2
56,1209,18430,2019-2024,0.6613101,0.60–0.70,"Proposal for a law amending the Competition Act and the Criminal Code. (Introduction of the possibility of civil fines, structural injunctions, interviews, surveys in private homes, etc.).","the Competition Act and the Criminal Code. (Introduction of the possibility of civil fines, structural injunctions, interviews, surveys in private homes, etc.)",Competition policy - annual report 2022,Competition policy - annual report 2022,,,0,1
57,1465,18718,2019-2024,0.68337417,0.60–0.70,Proposal for a law amending the Law on the Protection of the Environment.,the Law on the Protection of the Environment,Protection of the environment through criminal law,Protection of the environment through criminal law,,,1,1
58,1481,15675,2014-2019,0.68493307,0.60–0.70,"Proposal for a law amending the law on financial activities, the law on capital markets, the law on investment funds, etc. and several other laws (Derogation of resolution authorities to needy central counterparties and rules for life insurance undertakings providing sickness and accident insurance, etc.).","the law on financial activities, the law on capital markets, the law on investment funds, etc. and several other laws (Derogation of resolution authorities to needy central counterparties and rules for life insurance undertakings providing sickness and accident insurance, etc.)",Amendment of the European Investment Bank Statute,Amendment of the European Investment Bank Statute,,,1,2
59,56,19007,2019-2024,0.69001395,0.60–0.70,"Proposal for a law amending the Law on Working Conditions. (Exclusion of voluntary work from requirements on workplace assessment and OSH organisation, prevention of work-related violence, threats and other offensive behaviour outside working hours, access by the Factory Inspectorate to obtain information from external registers, etc.).","the Law on Working Conditions. (Exclusion of voluntary work from requirements on workplace assessment and OSH organisation, prevention of work-related violence, threats and other offensive behaviour outside working hours, access by the Factory Inspectorate to obtain information from external registers, etc.)",Amendments to Parliament’s Rules of Procedure concerning the training on preventing conflict and harassment in the workplace and on good office management,Amendments to Parliament’s Rules of Procedure concerning the training on preventing conflict and harassment in the workplace and on good office management,,,1,2
60,1255,2308,2009-2014,0.692303,0.60–0.70,Proposal for a law amending the law on the recognition of certain education and professional qualifications. (Implementation of Directive (EU) 2018/958 of the European Parliament and of the Council of 28 June 2018 on a proportionality test prior to the adoption of new regulation of professions and access to redress in matters relating to professional passports and the issuing of warnings).,the law on the recognition of certain education and professional qualifications. (Implementation of Directive (EU) 2018/958 of the European Parliament and of the Council of 28 June 2018 on a proportionality test prior to the adoption of new regulation of professions and access to redress in matters relating to professional passports and the issuing of warnings),Implementation of Professional Qualifications Directive,Implementation of Professional Qualifications Directive,,,1,2
61,1359,18766,2019-2024,0.70189947,0.70–0.80,"Proposal for a law amending the Customs Code. (Adjustment of the Customs Code to the EU's modernised Money Regulation, etc.).","the Customs Code. (Adjustment of the Customs Code to the EU's modernised Money Regulation, etc.)","Establishing the Union Customs Code and the European Union Customs Authority, and repealing Regulation (EU) No 952/2013","Establishing the Union Customs Code and the European Union Customs Authority, and repealing Regulation (EU) No 952/2013",,,1,2
62,1423,16245,2014-2019,0.7033652,0.70–0.80,Proposal for a law amending the law on experimental medical cannabis. (Permanent possibility of growing cannabis etc.).,the law on experimental medical cannabis. (Permanent possibility of growing cannabis etc.),Motions for resolutions - Use of cannabis for medicinal purposes,Use of cannabis for medicinal purposes,,,1,1
63,1633,10813,2014-2019,0.7071569,0.70–0.80,"Proposal for a law amending the law on aliens, the Return and Criminal Law and repealing the law on the continuation of certain rights in connection with the United Kingdom's withdrawal from the European Union without an agreement (Amendment of certain rules on return assistance, access to return and administrative detention, implementation of the Council Decision on Croatia's full accession to the Schengen Agreement and repeal of the Act on the continuation of certain rights in connection with the United Kingdom's withdrawal from the European Union without an agreement).","the law on aliens, the Return and Criminal Law and repealing the law on the continuation of certain rights in connection with the United Kingdom's withdrawal from the European Union without an agreement (Amendment of certain rules on return assistance, access to return and administrative detention, implementation of the Council Decision on Croatia's full accession to the Schengen Agreement and repeal of the Act on the continuation of certain rights in connection with the United Kingdom's withdrawal from the European Union without an agreement)",Protocol to the EU-Switzerland Agreement on the free movement of persons (accession of Croatia),Protocol to the EU-Switzerland Agreement on the free movement of persons (accession of Croatia),,,1,1
64,905,15263,2014-2019,0.70749843,0.70–0.80,Proposal for a law on the continuation of certain rights relating to the withdrawal of the United Kingdom from the European Union without an agreement.,the continuation of certain rights relating to the withdrawal of the United Kingdom from the European Union without an agreement,Complementing EU type-approval legislation with regard to the withdrawal of the United Kingdom from the Union,Complementing EU type-approval legislation with regard to the withdrawal of the United Kingdom from the Union,,,1,2
65,1709,16423,2014-2019,0.7084452,0.70–0.80,Draft law amending the extradition law. (Changing jurisdiction in cases relating to the request for consent to further criminal proceedings).,the extradition law. (Changing jurisdiction in cases relating to the request for consent to further criminal proceedings),Proposed amendments to Protocol No 3 on the Statute of the Court of Justice of the European Union,Proposed amendments to Protocol No 3 on the Statute of the Court of Justice of the European Union,,,1,1
66,193,18623,2019-2024,0.7086437,0.70–0.80,"Proposal for a law amending the withholding tax law, the VAT law and the Tax Control Act.","the withholding tax law, the VAT law and the Tax Control Act",Further reform of corporate taxation rules,Further reform of corporate taxation rules,,,1,1
67,1635,17518,2019-2024,0.71507573,0.70–0.80,Proposal for a law amending various amending laws in the territory of the Ministry of Foreign Affairs and Integration. (Revision of the law on the introduction of the possibility of transferring asylum seekers to asylum procedures and possible subsequent protection in third countries).,various amending laws in the territory of the Ministry of Foreign Affairs and Integration. (Revision of the law on the introduction of the possibility of transferring asylum seekers to asylum procedures and possible subsequent protection in third countries),Implementation of Article 43 of the Asylum Procedures Directive,Implementation of Article 43 of the Asylum Procedures Directive,,,1,1
68,1116,9039,2014-2019,0.71529174,0.70–0.80,Proposal for a law amending the Law on Study Elections Denmark. (Enlargement of Study Elections Denmark's area of guidance).,the Law on Study Elections Denmark. (Enlargement of Study Elections Denmark's area of guidance),Reform of the electoral law of the EU,Reform of the electoral law of the EU,,,1,1
69,957,4528,2009-2014,0.7174369,0.70–0.80,Proposal for a law amending the Law on Fisheries (Auction etc. on fishing rights and voluntary inshore fishing mark).,the Law on Fisheries (Auction etc. on fishing rights and voluntary inshore fishing mark),Amendment of Council Regulation (EC) No 850/98 concerning the conservation of fishery resources through technical measures for the protection of juveniles of marine organisms,Amendment of Council Regulation (EC) No 850/98 concerning the conservation of fishery resources through technical measures for the protection of juveniles of marine organisms,,,1,2
70,695,4528,2009-2014,0.7177644,0.70–0.80,"Proposal for a law amending the law on coastal protection, the law on environmental assessment of plans and programmes and of specific projects (EIA), the law on nature conservation, the law on hunting and game management and various other laws.","the law on coastal protection, the law on environmental assessment of plans and programmes and of specific projects (EIA), the law on nature conservation, the law on hunting and game management and various other laws",Amendment of Council Regulation (EC) No 850/98 concerning the conservation of fishery resources through technical measures for the protection of juveniles of marine organisms,Amendment of Council Regulation (EC) No 850/98 concerning the conservation of fishery resources through technical measures for the protection of juveniles of marine organisms,,,1,1
71,1380,13157,2014-2019,0.7274481,0.70–0.80,"Proposal for a law amending the law on copyright (Implementation of parts of the directive on copyright and related rights in the digital internal market and Directive on the rules for the exercise of copyright and related rights applicable to the online broadcasting and broadcasting of television and radio programmes, etc. by certain broadcasters).","the law on copyright (Implementation of parts of the directive on copyright and related rights in the digital internal market and Directive on the rules for the exercise of copyright and related rights applicable to the online broadcasting and broadcasting of television and radio programmes, etc. by certain broadcasters)",Rules on the exercise of copyright and related rights applicable to certain online transmissions of broadcasting organisations and retransmissions of television and radio programmes,Rules on the exercise of copyright and related rights applicable to certain online transmissions of broadcasting organisations and retransmissions of television and radio programmes,,,1,2
72,246,3374,2009-2014,0.7305951,0.70–0.80,"Proposal for a law amending the Law on the International Enforcement of Parental Decisions, etc. (International Child Abduction). (Increased flexibility in the application of the legal aid scheme in child abduction cases).","the Law on the International Enforcement of Parental Decisions, etc. (International Child Abduction). (Increased flexibility in the application of the legal aid scheme in child abduction cases)",Motions for resolutions - Convention on the Civil Aspects of International Child Abduction,Convention on the Civil Aspects of International Child Abduction,,,1,2
73,1634,15982,2014-2019,0.7360568,0.70–0.80,Proposal for a law amending the law on Danish citizenship. (Implementation of provision of the National Convention).,the law on citizenship. (Implementation of provision of the National Convention),Implementation of the Treaty provisions related to EU Citizenship,Implementation of the Treaty provisions related to EU Citizenship,,,1,2
74,54,17473,2019-2024,0.736662,0.70–0.80,"Proposal for a law amending the Law on payment rules for waste water supply companies, etc., the Law on environmental protection and the Law on the organisation and economic conditions of the water sector.","the Law on payment rules for waste water supply companies, etc., the Law on environmental protection and the Law on the organisation and economic conditions of the water sector",The implementation of the EU water legislation,The implementation of the EU water legislation,,,1,1
75,1712,6679,2009-2014,0.73906636,0.70–0.80,"Proposal for a law amending the law on animal welfare, animal welfare law, veterinary law, animal testing and animal feed law. (Provision of text notes and delegation of case preparation to private natural or legal persons).","the law on animal welfare, animal welfare law, veterinary law, animal testing and animal feed law. (Provision of text notes and delegation of case preparation to private natural or legal persons)","Food and feed law, rules on animal health and welfare, plant health, plant reproductive material and plant protection products","Food and feed law, rules on animal health and welfare, plant health, plant reproductive material and plant protection products",,,1,2
76,1946,4528,2009-2014,0.7427503,0.70–0.80,Proposal for a law amending the Law on the Protection of the Marine Environment.,the Law on the Protection of the Marine Environment,Amendment of Council Regulation (EC) No 850/98 concerning the conservation of fishery resources through technical measures for the protection of juveniles of marine organisms,Amendment of Council Regulation (EC) No 850/98 concerning the conservation of fishery resources through technical measures for the protection of juveniles of marine organisms,,,1,1
77,724,6009,2009-2014,0.7581938,0.70–0.80,Proposal for a law on the accessibility of public sector websites and mobile applications.,the accessibility of public sector websites and mobile applications,Accessibility of public sector bodies' websites,Accessibility of public sector bodies' websites,,,1,2
78,868,3124,2009-2014,0.7600564,0.70–0.80,Proposal for a law amending the Law on Fisheries.,the Law on Fisheries,Reform of the Common Fisheries Policy,Reform of the Common Fisheries Policy,,,1,1
79,1323,6615,2009-2014,0.76592267,0.70–0.80,Proposal for a law amending the law on infrastructure for alternative fuels. (User information on fossil fuels and alternative fuels).,the law on infrastructure for alternative fuels. (User information on fossil fuels and alternative fuels),Alternative fuels infrastructure,Alternative fuels infrastructure,,,1,2
80,1899,18332,2019-2024,0.7745472,0.70–0.80,Proposal for a law supplementing the regulation on the reduction of methane emissions in the energy sector.,the regulation on the reduction of methane emissions in the energy sector,Methane emissions reduction in the energy sector,Methane emissions reduction in the energy sector,,,1,2
81,1656,4276,2009-2014,0.80179757,0.80+,Proposal for a law amending the law on the re-use of public sector information.,the law on the re-use of public sector information,Re-use of public sector information,Re-use of public sector information,,,1,1
82,1915,5146,2009-2014,0.80667424,0.80+,Proposal for a law on gender distribution among directors in certain large listed public limited companies (the Gender Balance Act).,gender distribution among directors in certain large listed public limited companies (the Gender Balance Act),Gender balance among non-executive directors of companies listed on stock exchanges,Gender balance among non-executive directors of companies listed on stock exchanges,,,1,1
83,1962,18473,2019-2024,0.8113562,0.80+,"Proposal for a law supplementing the regulation establishing a framework for setting ecodesign requirements for sustainable products, etc. and for a regulation on market surveillance and product conformity, etc. (ecodesign product law).","the regulation establishing a framework for setting ecodesign requirements for sustainable products, etc. and for a regulation on market surveillance and product conformity, etc. (ecodesign product law)",Ecodesign for Sustainable Products Regulation,Ecodesign for Sustainable Products Regulation,,,1,2
84,548,6615,2009-2014,0.81852365,0.80+,Proposal for a law on infrastructure for alternative fuels.,infrastructure for alternative fuels,Alternative fuels infrastructure,Alternative fuels infrastructure,,,1,2
85,444,5887,2009-2014,0.837146,0.80+,Proposal for a law on the European Union Agency for Law Enforcement Cooperation (Europol).,the European Union Agency for Law Enforcement Cooperation (Europol),European Union Agency for Law Enforcement Cooperation and Training (Europol),European Union Agency for Law Enforcement Cooperation and Training (Europol),,,1,2
86,617,5994,2009-2014,0.8597811,0.80+,Proposal for a law on insurance mediation.,insurance mediation,Insurance mediation,Insurance mediation,,,1,1
87,772,6102,2009-2014,0.8641765,0.80+,Draft law on electronic invoicing in public procurement.,electronic invoicing in public procurement,Electronic invoicing in public procurement,Electronic invoicing in public procurement,,,1,2
88,1501,12625,2014-2019,0.8787588,0.80+,Proposal for a law on accessibility requirements for products and services.,accessibility requirements for products and services,Accessibility requirements for products and services,Accessibility requirements for products and services,,,1,2
89,1898,19187,2024-2029,0.88594913,0.80+,Proposal for a law supplementing the regulation establishing a carbon border adjustment mechanism.,the regulation establishing a carbon border adjustment mechanism,Amending Regulation (EU) 2023/956 as regards simplifying and strengthening the carbon border adjustment mechanism,Amending Regulation (EU) 2023/956 as regards simplifying and strengthening the carbon border adjustment mechanism,,,1,2
