aktørid,aktør_navn,Candidates.Fullname,Candidates.Party,election,match_method
4434,Abbas Razvi,Abbas Razvi,Radikale Venstre,FV11,normalized_exact
4434,Abbas Razvi,Abbas Razvi,Radikale Venstre,FV19,normalized_exact
4434,Abbas Razvi,Abbas Razvi,Radikale Venstre,FV22,normalized_exact
18,Alex Ahrendtsen,Alex Ahrendtsen,Dansk Folkeparti,FV11,normalized_exact
18,Alex Ahrendtsen,Alex Ahrendtsen,Dansk Folkeparti,FV15,normalized_exact
18,Alex Ahrendtsen,Alex Ahrendtsen,Dansk Folkeparti,FV19,normalized_exact
18,Alex Ahrendtsen,Alex Ahrendtsen,Dansk Folkeparti,FV22,normalized_exact
18703,Alex Vanopslagh,Alex Vanopslagh,Liberal Alliance,FV19,normalized_exact
18703,Alex Vanopslagh,Alex Vanopslagh,Liberal Alliance,FV22,normalized_exact
19806,Alexander Grandt,Alexander Grandt,Socialdemokratiet,FV19,normalized_exact
20395,Alexander Ryle,Alexander Ryle,Liberal Alliance,FV22,normalized_exact
21159,Ammar Ali,Ammar Ali,Moderaterne,FV22,normalized_exact
16374,Anders Johansson,Anders Johansson,Det Konservative Folkeparti,FV15,normalized_exact
16374,Anders Johansson,Anders Johansson,Det Konservative Folkeparti,FV19,normalized_exact
16374,Anders Johansson,Anders Johansson,Det Konservative Folkeparti,FV22,normalized_exact
18718,Anders Kronborg,Anders Kronborg,Socialdemokratiet,FV19,normalized_exact
18718,Anders Kronborg,Anders Kronborg,Socialdemokratiet,FV22,normalized_exact
148,Anders Samuelsen,Anders Samuelsen,Liberal Alliance,FV11,normalized_exact
148,Anders Samuelsen,Anders Samuelsen,Liberal Alliance,FV15,normalized_exact
148,Anders Samuelsen,Anders Samuelsen,Liberal Alliance,FV19,normalized_exact
17752,Anders Stjernholm,Anders Stjernholm,Alternativet,FV15,normalized_exact
17752,Anders Stjernholm,Anders Stjernholm,Alternativet,FV19,normalized_exact
20414,Anders Vistisen,Anders Vistisen,Dansk Folkeparti,FV22,normalized_exact
20767,Andreas Karlsen,Andreas Karlsen,Det Konservative Folkeparti,FV22,normalized_exact
123,Andreas Steenberg,Andreas Steenberg,Radikale Venstre,FV15,normalized_exact
123,Andreas Steenberg,Andreas Steenberg,Radikale Venstre,FV19,normalized_exact
123,Andreas Steenberg,Andreas Steenberg,Radikale Venstre,FV22,normalized_exact
286,Ane Halsboe-Jørgensen,Ane Halsboe-Jørgensen,Socialdemokratiet,FV15,normalized_exact
286,Ane Halsboe-Jørgensen,Ane Halsboe-Jørgensen,Socialdemokratiet,FV19,normalized_exact
286,Ane Halsboe-Jørgensen,Ane Halsboe-Jørgensen,Socialdemokratiet,FV22,normalized_exact
303,Anita Christensen,Anita Christensen,Dansk Folkeparti,FV11,normalized_exact
19146,Anna Brændemose,Anna Brændemose,SF - Socialistisk Folkeparti,FV19,normalized_exact
19146,Anna Brændemose,Anna Brændemose,SF - Socialistisk Folkeparti,FV22,normalized_exact
198,Anne Baastrup,Anne Baastrup,SF - Socialistisk Folkeparti,FV11,normalized_exact
20642,Anne Hegelund,Anne Hegelund,Enhedslisten - De Rød-Grønne,FV15,normalized_exact
20642,Anne Hegelund,Anne Hegelund,Enhedslisten - De Rød-Grønne,FV19,normalized_exact
20642,Anne Hegelund,Anne Hegelund,Enhedslisten – De Rød-Grønne,FV22,normalized_exact
18702,Anne Honoré Østergaard,Anne Honoré Østergaard,"Venstre, Danmarks Liberale Parti",FV19,normalized_exact
18702,Anne Honoré Østergaard,Anne Honoré Østergaard,"Venstre, Danmarks Liberale Parti",FV22,normalized_exact
5182,Anne Marie Geisler Andersen,Anne Marie Geisler Andersen,Radikale Venstre,FV15,normalized_exact
5182,Anne Marie Geisler Andersen,Anne Marie Geisler Andersen,Radikale Venstre,FV22,normalized_exact
16503,Anne Paulin,Anne Paulin,Socialdemokratiet,FV15,normalized_exact
16503,Anne Paulin,Anne Paulin,Socialdemokratiet,FV19,normalized_exact
16503,Anne Paulin,Anne Paulin,Socialdemokratiet,FV22,normalized_exact
19807,Anne Rasmussen,Anne Rasmussen,"Venstre, Danmarks Liberale Parti",FV19,normalized_exact
19807,Anne Rasmussen,Anne Rasmussen,"Venstre, Danmarks Liberale Parti",FV22,normalized_exact
103,Anne Sina,Anne Sina,Socialdemokratiet,FV11,normalized_exact
103,Anne Sina,Anne Sina,Socialdemokratiet,FV15,normalized_exact
103,Anne Sina,Anne Sina,Socialdemokratiet,FV19,normalized_exact
18728,Anne Sophie Callesen,Anne Sophie Callesen,Radikale Venstre,FV19,normalized_exact
18728,Anne Sophie Callesen,Anne Sophie Callesen,Radikale Venstre,FV22,normalized_exact
18706,Anne Valentina Berthelsen,Anne Valentina Berthelsen,SF - Socialistisk Folkeparti,FV19,normalized_exact
18706,Anne Valentina Berthelsen,Anne Valentina Berthelsen,SF - Socialistisk Folkeparti,FV22,normalized_exact
259,Anne-Mette Winther Christiansen (udpeget af V),Anne-Mette Winther Christiansen,"Venstre, Danmarks Liberale Parti",FV11,normalized_exact
259,Anne-Mette Winther Christiansen (udpeget af V),Anne-Mette Winther Christiansen,"Venstre, Danmarks Liberale Parti",FV15,normalized_exact
181,Annette Lind,Annette Lind,Socialdemokratiet,FV11,normalized_exact
181,Annette Lind,Annette Lind,Socialdemokratiet,FV15,normalized_exact
181,Annette Lind,Annette Lind,Socialdemokratiet,FV19,normalized_exact
181,Annette Lind,Annette Lind,Socialdemokratiet,FV22,normalized_exact
62,Annette Vilhelmsen,Annette Vilhelmsen,SF - Socialistisk Folkeparti,FV11,normalized_exact
62,Annette Vilhelmsen,Annette Vilhelmsen,SF - Socialistisk Folkeparti,FV15,normalized_exact
168,Anni Matthiesen,Anni Matthiesen,"Venstre, Danmarks Liberale Parti",FV11,normalized_exact
168,Anni Matthiesen,Anni Matthiesen,"Venstre, Danmarks Liberale Parti",FV15,normalized_exact
168,Anni Matthiesen,Anni Matthiesen,"Venstre, Danmarks Liberale Parti",FV19,normalized_exact
168,Anni Matthiesen,Anni Matthiesen,"Venstre, Danmarks Liberale Parti",FV22,normalized_exact
18707,Astrid Carøe,Astrid Carøe,SF - Socialistisk Folkeparti,FV19,normalized_exact
18707,Astrid Carøe,Astrid Carøe,SF - Socialistisk Folkeparti,FV22,normalized_exact
38,Astrid Krag,Astrid Krag,SF - Socialistisk Folkeparti,FV11,normalized_exact
38,Astrid Krag,Astrid Krag,Socialdemokratiet,FV15,normalized_exact
38,Astrid Krag,Astrid Krag,Socialdemokratiet,FV19,normalized_exact
38,Astrid Krag,Astrid Krag,Socialdemokratiet,FV22,normalized_exact
18917,Balder Mørk Andersen,Balder Mørk Andersen,SF - Socialistisk Folkeparti,FV11,normalized_exact
18917,Balder Mørk Andersen,Balder Mørk Andersen,SF - Socialistisk Folkeparti,FV15,normalized_exact
18917,Balder Mørk Andersen,Balder Mørk Andersen,SF - Socialistisk Folkeparti,FV19,normalized_exact
18917,Balder Mørk Andersen,Balder Mørk Andersen,SF - Socialistisk Folkeparti,FV22,normalized_exact
120,Benny Engelbrecht,Benny Engelbrecht,Socialdemokratiet,FV11,normalized_exact
120,Benny Engelbrecht,Benny Engelbrecht,Socialdemokratiet,FV15,normalized_exact
120,Benny Engelbrecht,Benny Engelbrecht,Socialdemokratiet,FV19,normalized_exact
120,Benny Engelbrecht,Benny Engelbrecht,Socialdemokratiet,FV22,normalized_exact
183,Bent Bøgsted,Bent Bøgsted,Dansk Folkeparti,FV11,normalized_exact
183,Bent Bøgsted,Bent Bøgsted,Dansk Folkeparti,FV15,normalized_exact
183,Bent Bøgsted,Bent Bøgsted,Dansk Folkeparti,FV19,normalized_exact
13843,Bente Bendix,Bente Bendix,"Venstre, Danmarks Liberale Parti",FV11,normalized_exact
129,Bertel Haarder,Bertel Haarder,"Venstre, Danmarks Liberale Parti",FV11,normalized_exact
129,Bertel Haarder,Bertel Haarder,"Venstre, Danmarks Liberale Parti",FV15,normalized_exact
129,Bertel Haarder,Bertel Haarder,"Venstre, Danmarks Liberale Parti",FV19,normalized_exact
20372,Betina Kastbjerg,Betina Kastbjerg,Danmarksdemokraterne ‒ Inger Støjberg,FV22,normalized_exact
18711,Birgitte Bergman,Birgitte Bergman,Det Konservative Folkeparti,FV19,normalized_exact
18711,Birgitte Bergman,Birgitte Bergman,Det Konservative Folkeparti,FV22,normalized_exact
210,Birgitte Josefsen,Birgitte Josefsen,"Venstre, Danmarks Liberale Parti",FV11,normalized_exact
18719,Birgitte Vind,Birgitte Vind,Socialdemokratiet,FV19,normalized_exact
18719,Birgitte Vind,Birgitte Vind,Socialdemokratiet,FV22,normalized_exact
23,Bjarne Corydon,Bjarne Corydon,Socialdemokratiet,FV11,normalized_exact
257,Bjarne Laustsen,Bjarne Laustsen,Socialdemokratiet,FV11,normalized_exact
257,Bjarne Laustsen,Bjarne Laustsen,Socialdemokratiet,FV19,normalized_exact
257,Bjarne Laustsen,Bjarne Laustsen,Socialdemokratiet,FV22,normalized_exact
18717,Bjørn Brandenborg,Bjørn Brandenborg,Socialdemokratiet,FV19,normalized_exact
19919,Brian Bressendorff,Brian Bressendorff,Socialdemokratiet,FV19,normalized_exact
19919,Brian Bressendorff,Brian Bressendorff,Socialdemokratiet,FV22,normalized_exact
83,Brian Mikkelsen,Brian Mikkelsen,Det Konservative Folkeparti,FV11,normalized_exact
83,Brian Mikkelsen,Brian Mikkelsen,Det Konservative Folkeparti,FV15,normalized_exact
17141,Brigitte Klintskov Jerkel,Brigitte Klintskov Jerkel,Det Konservative Folkeparti,FV11,normalized_exact
17141,Brigitte Klintskov Jerkel,Brigitte Klintskov Jerkel,Det Konservative Folkeparti,FV15,normalized_exact
17141,Brigitte Klintskov Jerkel,Brigitte Klintskov Jerkel,Det Konservative Folkeparti,FV19,normalized_exact
17141,Brigitte Klintskov Jerkel,Brigitte Klintskov Jerkel,Det Konservative Folkeparti,FV22,normalized_exact
15782,Britt Bager,Britt Bager,"Venstre, Danmarks Liberale Parti",FV15,normalized_exact
15782,Britt Bager,Britt Bager,"Venstre, Danmarks Liberale Parti",FV19,normalized_exact
15782,Britt Bager,Britt Bager,Det Konservative Folkeparti,FV22,normalized_exact
10107,Bruno Jerup,Bruno Jerup,Enhedslisten - De Rød-Grønne,FV11,normalized_exact
10107,Bruno Jerup,Bruno Jerup,Enhedslisten - De Rød-Grønne,FV15,normalized_exact
10107,Bruno Jerup,Bruno Jerup,Enhedslisten - De Rød-Grønne,FV19,normalized_exact
10107,Bruno Jerup,Bruno Jerup,Enhedslisten – De Rød-Grønne,FV22,normalized_exact
18720,Camilla Fabricius,Camilla Fabricius,Socialdemokratiet,FV19,normalized_exact
18720,Camilla Fabricius,Camilla Fabricius,Socialdemokratiet,FV22,normalized_exact
209,Camilla Hersom,Camilla Hersom,Radikale Venstre,FV11,normalized_exact
209,Camilla Hersom,Camilla Hersom,Radikale Venstre,FV15,normalized_exact
209,Camilla Hersom,Camilla Hersom,Radikale Venstre,FV19,normalized_exact
20820,Carl Andersen,Carl Andersen,Liberal Alliance,FV22,normalized_exact
15765,Carl Holst,Carl Holst,"Venstre, Danmarks Liberale Parti",FV15,normalized_exact
17628,Carl Valentin,Carl Valentin,SF - Socialistisk Folkeparti,FV15,normalized_exact
17628,Carl Valentin,Carl Valentin,SF - Socialistisk Folkeparti,FV19,normalized_exact
17628,Carl Valentin,Carl Valentin,SF - Socialistisk Folkeparti,FV22,normalized_exact
15778,Carolina Magdalene Maier,Carolina Magdalene Maier,Alternativet,FV15,normalized_exact
15778,Carolina Magdalene Maier,Carolina Magdalene Maier,Alternativet,FV19,normalized_exact
15778,Carolina Magdalene Maier,Carolina Magdalene Maier,Radikale Venstre,FV22,normalized_exact
15779,Carsten Bach,Carsten Bach,Liberal Alliance,FV15,normalized_exact
15779,Carsten Bach,Carsten Bach,Liberal Alliance,FV19,normalized_exact
15779,Carsten Bach,Carsten Bach,Liberal Alliance,FV22,normalized_exact
92,Carsten Hansen,Carsten Hansen,Socialdemokratiet,FV11,normalized_exact
92,Carsten Hansen,Carsten Hansen,Socialdemokratiet,FV15,normalized_exact
18265,Carsten Kissmeyer,Carsten Kissmeyer,"Venstre, Danmarks Liberale Parti",FV15,normalized_exact
18265,Carsten Kissmeyer,Carsten Kissmeyer,"Venstre, Danmarks Liberale Parti",FV19,normalized_exact
18265,Carsten Kissmeyer,Carsten Kissmeyer,"Venstre, Danmarks Liberale Parti",FV22,normalized_exact
16072,Carsten Kudsk,Carsten Kudsk,Dansk Folkeparti,FV15,normalized_exact
16072,Carsten Kudsk,Carsten Kudsk,Dansk Folkeparti,FV19,normalized_exact
20385,Charlotte Bagge Hansen,Charlotte Bagge Hansen,Moderaterne,FV22,normalized_exact
18708,Charlotte Broman Mølbæk,Charlotte Broman Mølbæk,SF - Socialistisk Folkeparti,FV19,normalized_exact
18708,Charlotte Broman Mølbæk,Charlotte Broman Mølbæk,SF - Socialistisk Folkeparti,FV22,normalized_exact
108,Charlotte Dyremose,Charlotte Dyremose,Det Konservative Folkeparti,FV11,normalized_exact
21350,Charlotte Green,Charlotte Green,Det Konservative Folkeparti,FV19,normalized_exact
21350,Charlotte Green,Charlotte Green,Det Konservative Folkeparti,FV22,normalized_exact
21076,Charlotte Nellemann,Charlotte Nellemann,Liberal Alliance,FV22,normalized_exact
134,Christian Friis Bach,Christian Friis Bach,Radikale Venstre,FV11,normalized_exact
134,Christian Friis Bach,Christian Friis Bach,Radikale Venstre,FV22,normalized_exact
39,Christian Juhl,Christian Juhl,Enhedslisten - De Rød-Grønne,FV11,normalized_exact
39,Christian Juhl,Christian Juhl,Enhedslisten - De Rød-Grønne,FV15,normalized_exact
39,Christian Juhl,Christian Juhl,Enhedslisten - De Rød-Grønne,FV19,normalized_exact
79,Christian Langballe (udpeget af DF),Christian Langballe,Dansk Folkeparti,FV11,normalized_exact
79,Christian Langballe (udpeget af DF),Christian Langballe,Dansk Folkeparti,FV15,normalized_exact
79,Christian Langballe (udpeget af DF),Christian Langballe,Dansk Folkeparti,FV19,normalized_exact
79,Christian Langballe (udpeget af DF),Christian Langballe,Dansk Folkeparti,FV22,normalized_exact
15797,Christian Poll,Christian Poll,Alternativet,FV15,normalized_exact
15797,Christian Poll,Christian Poll,Alternativet,FV19,normalized_exact
15762,Christian Rabjerg Madsen,Christian Rabjerg Madsen,Socialdemokratiet,FV11,normalized_exact
15762,Christian Rabjerg Madsen,Christian Rabjerg Madsen,Socialdemokratiet,FV15,normalized_exact
15762,Christian Rabjerg Madsen,Christian Rabjerg Madsen,Socialdemokratiet,FV19,normalized_exact
15762,Christian Rabjerg Madsen,Christian Rabjerg Madsen,Socialdemokratiet,FV22,normalized_exact
15773,Christina Egelund,Christina Egelund,Liberal Alliance,FV15,normalized_exact
15773,Christina Egelund,Christina Egelund,Liberal Alliance,FV19,normalized_exact
20370,Christina Olumeko,Christina Olumeko,Alternativet,FV22,normalized_exact
19809,Christina Thorholm,Christina Thorholm,Radikale Venstre,FV19,normalized_exact
19809,Christina Thorholm,Christina Thorholm,Radikale Venstre,FV22,normalized_exact
17,Christine Antorini,Christine Antorini,Socialdemokratiet,FV11,normalized_exact
17,Christine Antorini,Christine Antorini,Socialdemokratiet,FV15,normalized_exact
18699,Christoffer Aagaard Melson,Christoffer Aagaard Melson,"Venstre, Danmarks Liberale Parti",FV19,normalized_exact
18699,Christoffer Aagaard Melson,Christoffer Aagaard Melson,"Venstre, Danmarks Liberale Parti",FV22,normalized_exact
270,Claus Hjort Frederiksen,Claus Hjort Frederiksen,"Venstre, Danmarks Liberale Parti",FV15,normalized_exact
270,Claus Hjort Frederiksen,Claus Hjort Frederiksen,"Venstre, Danmarks Liberale Parti",FV19,normalized_exact
20962,Claus Jørgensen,Claus Jørgensen,SF - Socialistisk Folkeparti,FV22,normalized_exact
15781,Claus Kvist Hansen,Claus Kvist Hansen,Dansk Folkeparti,FV11,normalized_exact
15781,Claus Kvist Hansen,Claus Kvist Hansen,Dansk Folkeparti,FV15,normalized_exact
15781,Claus Kvist Hansen,Claus Kvist Hansen,Dansk Folkeparti,FV19,normalized_exact
386,Claus Larsen-Jensen (udpeget af),Claus Larsen-Jensen,Socialdemokratiet,FV15,normalized_exact
386,Claus Larsen-Jensen (udpeget af),Claus Larsen-Jensen,Socialdemokratiet,FV19,normalized_exact
167,Dan Jørgensen,Dan Jørgensen,Socialdemokratiet,FV15,normalized_exact
167,Dan Jørgensen,Dan Jørgensen,Socialdemokratiet,FV19,normalized_exact
167,Dan Jørgensen,Dan Jørgensen,Socialdemokratiet,FV22,normalized_exact
11584,Daniel Rugholm,Daniel Rugholm,Det Konservative Folkeparti,FV11,normalized_exact
11584,Daniel Rugholm,Daniel Rugholm,Det Konservative Folkeparti,FV15,normalized_exact
366,Daniel Toft Jakobsen,Daniel Toft Jakobsen,Socialdemokratiet,FV11,normalized_exact
366,Daniel Toft Jakobsen,Daniel Toft Jakobsen,Socialdemokratiet,FV15,normalized_exact
366,Daniel Toft Jakobsen,Daniel Toft Jakobsen,Socialdemokratiet,FV19,normalized_exact
366,Daniel Toft Jakobsen,Daniel Toft Jakobsen,Socialdemokratiet,FV22,normalized_exact
16757,Danny K. Malkowski,Danny K. Malkowski,Liberal Alliance,FV15,normalized_exact
119,Dennis Flydtkjær,Dennis Flydtkjær,Dansk Folkeparti,FV11,normalized_exact
119,Dennis Flydtkjær,Dennis Flydtkjær,Dansk Folkeparti,FV15,normalized_exact
119,Dennis Flydtkjær,Dennis Flydtkjær,Dansk Folkeparti,FV19,normalized_exact
119,Dennis Flydtkjær,Dennis Flydtkjær,Danmarksdemokraterne ‒ Inger Støjberg,FV22,normalized_exact
19016,Dorthe Hindborg,Dorthe Hindborg,Socialdemokratiet,FV19,normalized_exact
19016,Dorthe Hindborg,Dorthe Hindborg,Socialdemokratiet,FV22,normalized_exact
15798,Dorthe Ullemose,Dorthe Ullemose,Dansk Folkeparti,FV15,normalized_exact
18736,Egil Hulgaard,Egil Hulgaard,Det Konservative Folkeparti,FV19,normalized_exact
158,Eigil Andersen,Eigil Andersen,SF - Socialistisk Folkeparti,FV11,normalized_exact
158,Eigil Andersen,Eigil Andersen,SF - Socialistisk Folkeparti,FV15,normalized_exact
21385,Ellen Emilie,Ellen Emilie,Moderaterne,FV22,normalized_exact
163,Ellen Trane Nørby,Ellen Trane Nørby,"Venstre, Danmarks Liberale Parti",FV11,normalized_exact
163,Ellen Trane Nørby,Ellen Trane Nørby,"Venstre, Danmarks Liberale Parti",FV15,normalized_exact
163,Ellen Trane Nørby,Ellen Trane Nørby,"Venstre, Danmarks Liberale Parti",FV19,normalized_exact
16428,Emrah Tuncer,Emrah Tuncer,Radikale Venstre,FV15,normalized_exact
15766,Erik Christensen (udpeget af S),Erik Christensen,Socialdemokratiet,FV15,normalized_exact
15766,Erik Christensen (udpeget af S),Erik Christensen,Socialdemokratiet,FV19,normalized_exact
18291,Erik Lund,Erik Lund,Det Konservative Folkeparti,FV15,normalized_exact
18291,Erik Lund,Erik Lund,Det Konservative Folkeparti,FV19,normalized_exact
21168,Erik Veje Rasmussen,Erik Veje Rasmussen,"Venstre, Danmarks Liberale Parti",FV22,normalized_exact
49,Erling Bonnesen,Erling Bonnesen,"Venstre, Danmarks Liberale Parti",FV11,normalized_exact
49,Erling Bonnesen,Erling Bonnesen,"Venstre, Danmarks Liberale Parti",FV15,normalized_exact
49,Erling Bonnesen,Erling Bonnesen,"Venstre, Danmarks Liberale Parti",FV19,normalized_exact
49,Erling Bonnesen,Erling Bonnesen,"Venstre, Danmarks Liberale Parti",FV22,normalized_exact
261,Esben Lunde Larsen,Esben Lunde Larsen,"Venstre, Danmarks Liberale Parti",FV11,normalized_exact
261,Esben Lunde Larsen,Esben Lunde Larsen,"Venstre, Danmarks Liberale Parti",FV15,normalized_exact
15791,Eva Flyvholm,Eva Flyvholm,Enhedslisten - De Rød-Grønne,FV15,normalized_exact
15791,Eva Flyvholm,Eva Flyvholm,Enhedslisten - De Rød-Grønne,FV19,normalized_exact
265,Eva Kjer Hansen,Eva Kjer Hansen,"Venstre, Danmarks Liberale Parti",FV11,normalized_exact
265,Eva Kjer Hansen,Eva Kjer Hansen,"Venstre, Danmarks Liberale Parti",FV15,normalized_exact
265,Eva Kjer Hansen,Eva Kjer Hansen,"Venstre, Danmarks Liberale Parti",FV19,normalized_exact
265,Eva Kjer Hansen,Eva Kjer Hansen,"Venstre, Danmarks Liberale Parti",FV22,normalized_exact
212,Eyvind Vesselbo,Eyvind Vesselbo,"Venstre, Danmarks Liberale Parti",FV11,normalized_exact
192,Fatma Øktem,Fatma Øktem,"Venstre, Danmarks Liberale Parti",FV11,normalized_exact
192,Fatma Øktem,Fatma Øktem,"Venstre, Danmarks Liberale Parti",FV15,normalized_exact
192,Fatma Øktem,Fatma Øktem,"Venstre, Danmarks Liberale Parti",FV19,normalized_exact
87,Finn Sørensen,Finn Sørensen,Enhedslisten - De Rød-Grønne,FV11,normalized_exact
87,Finn Sørensen,Finn Sørensen,Enhedslisten - De Rød-Grønne,FV15,normalized_exact
281,Finn Thranum,Finn Thranum,"Venstre, Danmarks Liberale Parti",FV15,normalized_exact
64,Flemming Damgaard Larsen,Flemming Damgaard Larsen,"Venstre, Danmarks Liberale Parti",FV15,normalized_exact
224,Flemming Møller Mortensen,Flemming Møller Mortensen,Socialdemokratiet,FV11,normalized_exact
224,Flemming Møller Mortensen,Flemming Møller Mortensen,Socialdemokratiet,FV15,normalized_exact
224,Flemming Møller Mortensen,Flemming Møller Mortensen,Socialdemokratiet,FV19,normalized_exact
224,Flemming Møller Mortensen,Flemming Møller Mortensen,Socialdemokratiet,FV22,normalized_exact
20351,Franciska Rosenkilde,Franciska Rosenkilde,Alternativet,FV15,normalized_exact
20351,Franciska Rosenkilde,Franciska Rosenkilde,Alternativet,FV22,normalized_exact
5,Frank Aaen,Frank Aaen,Enhedslisten - De Rød-Grønne,FV11,normalized_exact
20966,Frederik Bloch Münster,Frederik Bloch Münster,Det Konservative Folkeparti,FV19,normalized_exact
20966,Frederik Bloch Münster,Frederik Bloch Münster,Det Konservative Folkeparti,FV22,normalized_exact
20364,Frederik Vad,Frederik Vad,Socialdemokratiet,FV22,normalized_exact
19002,Gitte Willumsen,Gitte Willumsen,"Venstre, Danmarks Liberale Parti",FV19,normalized_exact
19002,Gitte Willumsen,Gitte Willumsen,Det Konservative Folkeparti,FV22,normalized_exact
20781,Gunvor Wibroe,Gunvor Wibroe,Socialdemokratiet,FV22,normalized_exact
21405,HP Beck,HP Beck,Liberal Alliance,FV22,normalized_exact
18704,Halime Oguz,Halime Oguz,SF - Socialistisk Folkeparti,FV15,normalized_exact
18704,Halime Oguz,Halime Oguz,SF - Socialistisk Folkeparti,FV19,normalized_exact
18704,Halime Oguz,Halime Oguz,SF - Socialistisk Folkeparti,FV22,normalized_exact
19221,Hanne Bjørn-Klausen,Hanne Bjørn-Klausen,Det Konservative Folkeparti,FV19,normalized_exact
164,Hans Andersen,Hans Andersen,"Venstre, Danmarks Liberale Parti",FV11,normalized_exact
164,Hans Andersen,Hans Andersen,"Venstre, Danmarks Liberale Parti",FV15,normalized_exact
164,Hans Andersen,Hans Andersen,"Venstre, Danmarks Liberale Parti",FV19,normalized_exact
164,Hans Andersen,Hans Andersen,"Venstre, Danmarks Liberale Parti",FV22,normalized_exact
125,Hans Christian Schmidt,Hans Christian Schmidt,"Venstre, Danmarks Liberale Parti",FV15,normalized_exact
125,Hans Christian Schmidt,Hans Christian Schmidt,"Venstre, Danmarks Liberale Parti",FV19,normalized_exact
125,Hans Christian Schmidt,Hans Christian Schmidt,"Venstre, Danmarks Liberale Parti",FV22,normalized_exact
179,Hans Christian Thoning,Hans Christian Thoning,"Venstre, Danmarks Liberale Parti",FV11,normalized_exact
179,Hans Christian Thoning,Hans Christian Thoning,"Venstre, Danmarks Liberale Parti",FV15,normalized_exact
82,Hans Kristian Skibby,Hans Kristian Skibby,Dansk Folkeparti,FV11,normalized_exact
82,Hans Kristian Skibby,Hans Kristian Skibby,Dansk Folkeparti,FV19,normalized_exact
82,Hans Kristian Skibby,Hans Kristian Skibby,Danmarksdemokraterne ‒ Inger Støjberg,FV22,normalized_exact
18700,Heidi Bank,Heidi Bank,"Venstre, Danmarks Liberale Parti",FV19,normalized_exact
18700,Heidi Bank,Heidi Bank,"Venstre, Danmarks Liberale Parti",FV22,normalized_exact
20398,Helena Artmann Andresen,Helena Artmann Andresen,Liberal Alliance,FV22,normalized_exact
13836,Helge Vagn Jacobsen,Helge Vagn Jacobsen,Radikale Venstre,FV11,normalized_exact
13836,Helge Vagn Jacobsen,Helge Vagn Jacobsen,Radikale Venstre,FV15,normalized_exact
20369,Helle Bonnesen,Helle Bonnesen,Det Konservative Folkeparti,FV11,normalized_exact
20369,Helle Bonnesen,Helle Bonnesen,Det Konservative Folkeparti,FV15,normalized_exact
20369,Helle Bonnesen,Helle Bonnesen,Det Konservative Folkeparti,FV19,normalized_exact
20369,Helle Bonnesen,Helle Bonnesen,Det Konservative Folkeparti,FV22,normalized_exact
268,Helle Løvgreen Mølvig,Helle Løvgreen Mølvig,Radikale Venstre,FV11,normalized_exact
268,Helle Løvgreen Mølvig,Helle Løvgreen Mølvig,Radikale Venstre,FV15,normalized_exact
144,Helle Thorning-Schmidt,Helle Thorning-Schmidt,Socialdemokratiet,FV11,normalized_exact
144,Helle Thorning-Schmidt,Helle Thorning-Schmidt,Socialdemokratiet,FV15,normalized_exact
44,Henning Hyllested,Henning Hyllested,Enhedslisten - De Rød-Grønne,FV11,normalized_exact
44,Henning Hyllested,Henning Hyllested,Enhedslisten - De Rød-Grønne,FV15,normalized_exact
44,Henning Hyllested,Henning Hyllested,Enhedslisten - De Rød-Grønne,FV19,normalized_exact
3082,Henrik Brodersen,Henrik Brodersen,Dansk Folkeparti,FV11,normalized_exact
3082,Henrik Brodersen,Henrik Brodersen,Dansk Folkeparti,FV15,normalized_exact
3082,Henrik Brodersen,Henrik Brodersen,Dansk Folkeparti,FV19,normalized_exact
15800,Henrik Dahl,Henrik Dahl,Liberal Alliance,FV15,normalized_exact
15800,Henrik Dahl,Henrik Dahl,Liberal Alliance,FV19,normalized_exact
15800,Henrik Dahl,Henrik Dahl,Liberal Alliance,FV22,normalized_exact
352,Henrik Dam Kristensen,Henrik Dam Kristensen,Socialdemokratiet,FV11,normalized_exact
352,Henrik Dam Kristensen,Henrik Dam Kristensen,Socialdemokratiet,FV15,normalized_exact
352,Henrik Dam Kristensen,Henrik Dam Kristensen,Socialdemokratiet,FV19,normalized_exact
20377,Henrik Frandsen,Henrik Frandsen,Moderaterne,FV22,normalized_exact
18715,Henrik Møller,Henrik Møller,SF - Socialistisk Folkeparti,FV15,normalized_exact
18715,Henrik Møller,Henrik Møller,Socialdemokratiet,FV19,normalized_exact
18715,Henrik Møller,Henrik Møller,Socialdemokratiet,FV22,normalized_exact
20496,Henrik Rejnholt Andersen,Henrik Rejnholt Andersen,Moderaterne,FV22,normalized_exact
28,Henrik Sass Larsen,Henrik Sass Larsen,Socialdemokratiet,FV11,normalized_exact
28,Henrik Sass Larsen,Henrik Sass Larsen,Socialdemokratiet,FV15,normalized_exact
28,Henrik Sass Larsen,Henrik Sass Larsen,Socialdemokratiet,FV19,normalized_exact
19480,Henrik Vinther,Henrik Vinther,Radikale Venstre,FV19,normalized_exact
33,Holger K. Nielsen,Holger K. Nielsen,SF - Socialistisk Folkeparti,FV15,normalized_exact
4956,Ib Poulsen,Ib Poulsen,Dansk Folkeparti,FV11,normalized_exact
4956,Ib Poulsen,Ib Poulsen,Dansk Folkeparti,FV15,normalized_exact
4956,Ib Poulsen,Ib Poulsen,Dansk Folkeparti,FV19,normalized_exact
21302,Ibrahim Benli,Ibrahim Benli,Enhedslisten - De Rød-Grønne,FV19,normalized_exact
21302,Ibrahim Benli,Ibrahim Benli,Enhedslisten – De Rød-Grønne,FV22,normalized_exact
152,Ida Auken,Ida Auken,SF - Socialistisk Folkeparti,FV11,normalized_exact
152,Ida Auken,Ida Auken,Radikale Venstre,FV15,normalized_exact
152,Ida Auken,Ida Auken,Radikale Venstre,FV19,normalized_exact
152,Ida Auken,Ida Auken,Socialdemokratiet,FV22,normalized_exact
18705,Ina Strøjer-Schmidt,Ina Strøjer-Schmidt,SF - Socialistisk Folkeparti,FV19,normalized_exact
182,Inger Støjberg,Inger Støjberg,"Venstre, Danmarks Liberale Parti",FV11,normalized_exact
182,Inger Støjberg,Inger Støjberg,"Venstre, Danmarks Liberale Parti",FV15,normalized_exact
182,Inger Støjberg,Inger Støjberg,"Venstre, Danmarks Liberale Parti",FV19,normalized_exact
182,Inger Støjberg,Inger Støjberg,Danmarksdemokraterne ‒ Inger Støjberg,FV22,normalized_exact
173,Jacob Jensen,Jacob Jensen,"Venstre, Danmarks Liberale Parti",FV11,normalized_exact
173,Jacob Jensen,Jacob Jensen,"Venstre, Danmarks Liberale Parti",FV15,normalized_exact
173,Jacob Jensen,Jacob Jensen,"Venstre, Danmarks Liberale Parti",FV19,normalized_exact
173,Jacob Jensen,Jacob Jensen,"Venstre, Danmarks Liberale Parti",FV22,normalized_exact
304,Jacob Lund,Jacob Lund,Socialdemokratiet,FV11,normalized_exact
15788,Jacob Mark,Jacob Mark,SF - Socialistisk Folkeparti,FV15,normalized_exact
15788,Jacob Mark,Jacob Mark,SF - Socialistisk Folkeparti,FV19,normalized_exact
15788,Jacob Mark,Jacob Mark,SF - Socialistisk Folkeparti,FV22,normalized_exact
207,Jakob Ellemann-Jensen,Jakob Ellemann-Jensen,"Venstre, Danmarks Liberale Parti",FV11,normalized_exact
207,Jakob Ellemann-Jensen,Jakob Ellemann-Jensen,"Venstre, Danmarks Liberale Parti",FV15,normalized_exact
207,Jakob Ellemann-Jensen,Jakob Ellemann-Jensen,"Venstre, Danmarks Liberale Parti",FV19,normalized_exact
207,Jakob Ellemann-Jensen,Jakob Ellemann-Jensen,"Venstre, Danmarks Liberale Parti",FV22,normalized_exact
57,Jakob Engel-Schmidt,Jakob Engel-Schmidt,"Venstre, Danmarks Liberale Parti",FV11,normalized_exact
57,Jakob Engel-Schmidt,Jakob Engel-Schmidt,"Venstre, Danmarks Liberale Parti",FV15,normalized_exact
57,Jakob Engel-Schmidt,Jakob Engel-Schmidt,Moderaterne,FV22,normalized_exact
15785,Jakob Sølvhøj,Jakob Sølvhøj,Enhedslisten - De Rød-Grønne,FV15,normalized_exact
15785,Jakob Sølvhøj,Jakob Sølvhøj,Enhedslisten - De Rød-Grønne,FV19,normalized_exact
19982,Jan Bjergskov Larsen,Jan Bjergskov Larsen,SF - Socialistisk Folkeparti,FV19,normalized_exact
20805,Jan Carlsen,Jan Carlsen,Moderaterne,FV22,normalized_exact
102,Jan E. Jørgensen,Jan E. Jørgensen,"Venstre, Danmarks Liberale Parti",FV11,normalized_exact
102,Jan E. Jørgensen,Jan E. Jørgensen,"Venstre, Danmarks Liberale Parti",FV15,normalized_exact
102,Jan E. Jørgensen,Jan E. Jørgensen,"Venstre, Danmarks Liberale Parti",FV19,normalized_exact
102,Jan E. Jørgensen,Jan E. Jørgensen,"Venstre, Danmarks Liberale Parti",FV22,normalized_exact
15796,Jan Erik Messmann,Jan Erik Messmann,Dansk Folkeparti,FV15,normalized_exact
15796,Jan Erik Messmann,Jan Erik Messmann,Dansk Folkeparti,FV19,normalized_exact
21378,Jan Herskov,Jan Herskov,Dansk Folkeparti,FV22,normalized_exact
160,Jan Johansen,Jan Johansen,Socialdemokratiet,FV11,normalized_exact
160,Jan Johansen,Jan Johansen,Socialdemokratiet,FV15,normalized_exact
160,Jan Johansen,Jan Johansen,Socialdemokratiet,FV19,normalized_exact
15764,Jan Rytkjær Callesen,Jan Rytkjær Callesen,Dansk Folkeparti,FV15,normalized_exact
15764,Jan Rytkjær Callesen,Jan Rytkjær Callesen,Dansk Folkeparti,FV19,normalized_exact
200,Jane Heitmann,Jane Heitmann,"Venstre, Danmarks Liberale Parti",FV11,normalized_exact
200,Jane Heitmann,Jane Heitmann,"Venstre, Danmarks Liberale Parti",FV15,normalized_exact
200,Jane Heitmann,Jane Heitmann,"Venstre, Danmarks Liberale Parti",FV19,normalized_exact
305,Jens Ejner Christensen,Jens Ejner Christensen,"Venstre, Danmarks Liberale Parti",FV11,normalized_exact
305,Jens Ejner Christensen,Jens Ejner Christensen,"Venstre, Danmarks Liberale Parti",FV15,normalized_exact
113,Jens Henrik Thulesen Dahl,Jens Henrik Thulesen Dahl,Dansk Folkeparti,FV11,normalized_exact
213,Jens Joel,Jens Joel,Socialdemokratiet,FV11,normalized_exact
213,Jens Joel,Jens Joel,Socialdemokratiet,FV15,normalized_exact
213,Jens Joel,Jens Joel,Socialdemokratiet,FV19,normalized_exact
213,Jens Joel,Jens Joel,Socialdemokratiet,FV22,normalized_exact
20396,Jens Meilvang,Jens Meilvang,Liberal Alliance,FV19,normalized_exact
20396,Jens Meilvang,Jens Meilvang,Liberal Alliance,FV22,normalized_exact
661,Jens Rohde,Jens Rohde,Radikale Venstre,FV19,normalized_exact
214,Jeppe Bruus,Jeppe Bruus,Socialdemokratiet,FV11,normalized_exact
214,Jeppe Bruus,Jeppe Bruus,Socialdemokratiet,FV15,normalized_exact
214,Jeppe Bruus,Jeppe Bruus,Socialdemokratiet,FV19,normalized_exact
214,Jeppe Bruus,Jeppe Bruus,Socialdemokratiet,FV22,normalized_exact
15789,Jeppe Jakobsen,Jeppe Jakobsen,Dansk Folkeparti,FV11,normalized_exact
15789,Jeppe Jakobsen,Jeppe Jakobsen,Dansk Folkeparti,FV15,normalized_exact
15789,Jeppe Jakobsen,Jeppe Jakobsen,Dansk Folkeparti,FV19,normalized_exact
235,Jeppe Kofod,Jeppe Kofod,Socialdemokratiet,FV11,normalized_exact
235,Jeppe Kofod,Jeppe Kofod,Socialdemokratiet,FV22,normalized_exact
75,Jeppe Mikkelsen,Jeppe Mikkelsen,Radikale Venstre,FV11,normalized_exact
20383,Jeppe Søe,Jeppe Søe,Moderaterne,FV22,normalized_exact
656,Jesper Kiel,Jesper Kiel,Enhedslisten - De Rød-Grønne,FV15,normalized_exact
656,Jesper Kiel,Jesper Kiel,Enhedslisten - De Rød-Grønne,FV19,normalized_exact
97,Jesper Petersen,Jesper Petersen,SF - Socialistisk Folkeparti,FV11,normalized_exact
97,Jesper Petersen,Jesper Petersen,Socialdemokratiet,FV15,normalized_exact
97,Jesper Petersen,Jesper Petersen,Socialdemokratiet,FV19,normalized_exact
97,Jesper Petersen,Jesper Petersen,Socialdemokratiet,FV22,normalized_exact
9976,Jette Gottlieb,Jette Gottlieb,Enhedslisten - De Rød-Grønne,FV15,normalized_exact
9976,Jette Gottlieb,Jette Gottlieb,Enhedslisten - De Rød-Grønne,FV19,normalized_exact
9976,Jette Gottlieb,Jette Gottlieb,Enhedslisten – De Rød-Grønne,FV22,normalized_exact
111,Joachim B. Olsen,Joachim B. Olsen,Liberal Alliance,FV11,normalized_exact
111,Joachim B. Olsen,Joachim B. Olsen,Liberal Alliance,FV15,normalized_exact
111,Joachim B. Olsen,Joachim B. Olsen,Liberal Alliance,FV19,normalized_exact
21194,Joachim Hoffmann-Petersen,Joachim Hoffmann-Petersen,Det Konservative Folkeparti,FV22,normalized_exact
147,Johanne Schmidt-Nielsen,Johanne Schmidt-Nielsen,Enhedslisten - De Rød-Grønne,FV11,normalized_exact
147,Johanne Schmidt-Nielsen,Johanne Schmidt-Nielsen,Enhedslisten - De Rød-Grønne,FV15,normalized_exact
6737,Johannes Lebech,Johannes Lebech,Radikale Venstre,FV15,normalized_exact
133,John Dyrby Paulsen,John Dyrby Paulsen,Socialdemokratiet,FV11,normalized_exact
20388,Jon Stephensen,Jon Stephensen,Moderaterne,FV22,normalized_exact
205,Jonas Dahl,Jonas Dahl,SF - Socialistisk Folkeparti,FV11,normalized_exact
205,Jonas Dahl,Jonas Dahl,SF - Socialistisk Folkeparti,FV15,normalized_exact
17134,Jonathan Simmel,Jonathan Simmel,Enhedslisten - De Rød-Grønne,FV15,normalized_exact
17134,Jonathan Simmel,Jonathan Simmel,Enhedslisten - De Rød-Grønne,FV19,normalized_exact
15783,Josephine Fock,Josephine Fock,Alternativet,FV15,normalized_exact
21377,Julie Jacobsen,Julie Jacobsen,Dansk Folkeparti,FV19,normalized_exact
187,Julie Skovsby,Julie Skovsby,Socialdemokratiet,FV11,normalized_exact
187,Julie Skovsby,Julie Skovsby,Socialdemokratiet,FV15,normalized_exact
187,Julie Skovsby,Julie Skovsby,Socialdemokratiet,FV19,normalized_exact
18415,Julius Graakjær Grantzau,Julius Graakjær Grantzau,Alternativet,FV15,normalized_exact
215,Jørgen Arbo-Bæhr,Jørgen Arbo-Bæhr,Enhedslisten - De Rød-Grønne,FV11,normalized_exact
215,Jørgen Arbo-Bæhr,Jørgen Arbo-Bæhr,Enhedslisten - De Rød-Grønne,FV15,normalized_exact
15787,Kaare Dybvad Bek,Kaare Dybvad Bek,Socialdemokratiet,FV19,normalized_exact
15787,Kaare Dybvad Bek,Kaare Dybvad Bek,Socialdemokratiet,FV22,normalized_exact
72,Karen Ellemann,Karen Ellemann,"Venstre, Danmarks Liberale Parti",FV11,normalized_exact
72,Karen Ellemann,Karen Ellemann,"Venstre, Danmarks Liberale Parti",FV15,normalized_exact
72,Karen Ellemann,Karen Ellemann,"Venstre, Danmarks Liberale Parti",FV19,normalized_exact
72,Karen Ellemann,Karen Ellemann,"Venstre, Danmarks Liberale Parti",FV22,normalized_exact
47,Karen Hækkerup,Karen Hækkerup,Socialdemokratiet,FV11,normalized_exact
280,Karen J. Klint,Karen J. Klint,Socialdemokratiet,FV11,normalized_exact
280,Karen J. Klint,Karen J. Klint,Socialdemokratiet,FV15,normalized_exact
365,Karen Jespersen,Karen Jespersen,"Venstre, Danmarks Liberale Parti",FV11,normalized_exact
278,Karin Gaardsted,Karin Gaardsted,Socialdemokratiet,FV15,normalized_exact
278,Karin Gaardsted,Karin Gaardsted,Socialdemokratiet,FV19,normalized_exact
278,Karin Gaardsted,Karin Gaardsted,Socialdemokratiet,FV22,normalized_exact
20381,Karin Liltorp,Karin Liltorp,Moderaterne,FV22,normalized_exact
56,Karin Nødgaard,Karin Nødgaard,Dansk Folkeparti,FV11,normalized_exact
56,Karin Nødgaard,Karin Nødgaard,Dansk Folkeparti,FV15,normalized_exact
56,Karin Nødgaard,Karin Nødgaard,Dansk Folkeparti,FV19,normalized_exact
162,Karina Adsbøl,Karina Adsbøl,Dansk Folkeparti,FV11,normalized_exact
162,Karina Adsbøl,Karina Adsbøl,Dansk Folkeparti,FV15,normalized_exact
162,Karina Adsbøl,Karina Adsbøl,Dansk Folkeparti,FV19,normalized_exact
162,Karina Adsbøl,Karina Adsbøl,Danmarksdemokraterne ‒ Inger Støjberg,FV22,normalized_exact
15761,Karina Due,Karina Due,Dansk Folkeparti,FV11,normalized_exact
15761,Karina Due,Karina Due,Dansk Folkeparti,FV19,normalized_exact
121,Karina Lorentzen Dehnhardt,Karina Lorentzen Dehnhardt,SF - Socialistisk Folkeparti,FV11,normalized_exact
121,Karina Lorentzen Dehnhardt,Karina Lorentzen Dehnhardt,SF - Socialistisk Folkeparti,FV15,normalized_exact
121,Karina Lorentzen Dehnhardt,Karina Lorentzen Dehnhardt,SF - Socialistisk Folkeparti,FV19,normalized_exact
121,Karina Lorentzen Dehnhardt,Karina Lorentzen Dehnhardt,SF - Socialistisk Folkeparti,FV22,normalized_exact
1502,Karl H. Bornhøft,Karl H. Bornhøft,SF - Socialistisk Folkeparti,FV19,normalized_exact
19920,Karsten Filsø,Karsten Filsø,SF - Socialistisk Folkeparti,FV19,normalized_exact
19920,Karsten Filsø,Karsten Filsø,SF - Socialistisk Folkeparti,FV22,normalized_exact
199,Karsten Hønge,Karsten Hønge,SF - Socialistisk Folkeparti,FV11,normalized_exact
199,Karsten Hønge,Karsten Hønge,SF - Socialistisk Folkeparti,FV15,normalized_exact
199,Karsten Hønge,Karsten Hønge,SF - Socialistisk Folkeparti,FV19,normalized_exact
199,Karsten Hønge,Karsten Hønge,SF - Socialistisk Folkeparti,FV22,normalized_exact
24,Karsten Lauritzen,Karsten Lauritzen,"Venstre, Danmarks Liberale Parti",FV11,normalized_exact
24,Karsten Lauritzen,Karsten Lauritzen,"Venstre, Danmarks Liberale Parti",FV15,normalized_exact
24,Karsten Lauritzen,Karsten Lauritzen,"Venstre, Danmarks Liberale Parti",FV19,normalized_exact
193,Karsten Nonbo,Karsten Nonbo,"Venstre, Danmarks Liberale Parti",FV11,normalized_exact
193,Karsten Nonbo,Karsten Nonbo,"Venstre, Danmarks Liberale Parti",FV15,normalized_exact
16180,Kasper Roug,Kasper Roug,Socialdemokratiet,FV15,normalized_exact
16180,Kasper Roug,Kasper Roug,Socialdemokratiet,FV19,normalized_exact
16180,Kasper Roug,Kasper Roug,Socialdemokratiet,FV22,normalized_exact
18714,Kasper Sand Kjær,Kasper Sand Kjær,Socialdemokratiet,FV19,normalized_exact
18714,Kasper Sand Kjær,Kasper Sand Kjær,Socialdemokratiet,FV22,normalized_exact
18710,Katarina Ammitzbøll,Katarina Ammitzbøll,Det Konservative Folkeparti,FV15,normalized_exact
18710,Katarina Ammitzbøll,Katarina Ammitzbøll,Det Konservative Folkeparti,FV19,normalized_exact
18710,Katarina Ammitzbøll,Katarina Ammitzbøll,Det Konservative Folkeparti,FV22,normalized_exact
18727,Kathrine Olldag,Kathrine Olldag,Radikale Venstre,FV19,normalized_exact
18727,Kathrine Olldag,Kathrine Olldag,Radikale Venstre,FV22,normalized_exact
20393,Katrine Daugaard,Katrine Daugaard,Liberal Alliance,FV22,normalized_exact
18729,Katrine Robsøe,Katrine Robsøe,Radikale Venstre,FV19,normalized_exact
18729,Katrine Robsøe,Katrine Robsøe,Radikale Venstre,FV22,normalized_exact
20790,Ken Kristensen,Ken Kristensen,"Venstre, Danmarks Liberale Parti",FV22,normalized_exact
20916,Kenneth Bjerg Andersen,Kenneth Bjerg Andersen,Moderaterne,FV22,normalized_exact
20374,Kenneth Fredslund Petersen,Kenneth Fredslund Petersen,Dansk Folkeparti,FV15,normalized_exact
20374,Kenneth Fredslund Petersen,Kenneth Fredslund Petersen,Dansk Folkeparti,FV19,normalized_exact
20374,Kenneth Fredslund Petersen,Kenneth Fredslund Petersen,Danmarksdemokraterne ‒ Inger Støjberg,FV22,normalized_exact
11583,Kenneth Kristensen Berth,Kenneth Kristensen Berth,Dansk Folkeparti,FV11,normalized_exact
11583,Kenneth Kristensen Berth,Kenneth Kristensen Berth,Dansk Folkeparti,FV15,normalized_exact
11583,Kenneth Kristensen Berth,Kenneth Kristensen Berth,Dansk Folkeparti,FV19,normalized_exact
11583,Kenneth Kristensen Berth,Kenneth Kristensen Berth,Dansk Folkeparti,FV22,normalized_exact
19637,Kenneth Mikkelsen,Kenneth Mikkelsen,"Venstre, Danmarks Liberale Parti",FV19,normalized_exact
19637,Kenneth Mikkelsen,Kenneth Mikkelsen,"Venstre, Danmarks Liberale Parti",FV22,normalized_exact
19928,Kim Aas,Kim Aas,Socialdemokratiet,FV19,normalized_exact
19928,Kim Aas,Kim Aas,Socialdemokratiet,FV22,normalized_exact
126,Kim Andersen (udpeget af V),Kim Andersen,"Venstre, Danmarks Liberale Parti",FV11,normalized_exact
126,Kim Andersen (udpeget af V),Kim Andersen,"Venstre, Danmarks Liberale Parti",FV15,normalized_exact
124,Kim Christiansen,Kim Christiansen,Dansk Folkeparti,FV11,normalized_exact
124,Kim Christiansen,Kim Christiansen,Alternativet,FV19,normalized_exact
124,Kim Christiansen,Kim Christiansen,Dansk Folkeparti,FV22,normalized_exact
20355,Kim Edberg Andersen,Kim Edberg Andersen,Dansk Folkeparti,FV19,normalized_exact
20355,Kim Edberg Andersen,Kim Edberg Andersen,Nye Borgerlige,FV22,normalized_exact
18695,Kim Valentin,Kim Valentin,"Venstre, Danmarks Liberale Parti",FV19,normalized_exact
18695,Kim Valentin,Kim Valentin,"Venstre, Danmarks Liberale Parti",FV22,normalized_exact
249,Kirsten Brosbøl (udpeget af S),Kirsten Brosbøl,Socialdemokratiet,FV11,normalized_exact
249,Kirsten Brosbøl (udpeget af S),Kirsten Brosbøl,Socialdemokratiet,FV15,normalized_exact
16728,Kirsten Normann Andersen,Kirsten Normann Andersen,SF - Socialistisk Folkeparti,FV15,normalized_exact
16728,Kirsten Normann Andersen,Kirsten Normann Andersen,SF - Socialistisk Folkeparti,FV19,normalized_exact
16728,Kirsten Normann Andersen,Kirsten Normann Andersen,SF - Socialistisk Folkeparti,FV22,normalized_exact
17247,Klaus Markussen,Klaus Markussen,"Venstre, Danmarks Liberale Parti",FV11,normalized_exact
17247,Klaus Markussen,Klaus Markussen,"Venstre, Danmarks Liberale Parti",FV15,normalized_exact
20367,Kris Jensen Skriver,Kris Jensen Skriver,Socialdemokratiet,FV22,normalized_exact
20376,Kristian Bøgsted,Kristian Bøgsted,Danmarksdemokraterne ‒ Inger Støjberg,FV22,normalized_exact
17267,Kristian Hegaard,Kristian Hegaard,Radikale Venstre,FV15,normalized_exact
17267,Kristian Hegaard,Kristian Hegaard,Radikale Venstre,FV19,normalized_exact
271,Kristian Jensen,Kristian Jensen,"Venstre, Danmarks Liberale Parti",FV11,normalized_exact
271,Kristian Jensen,Kristian Jensen,"Venstre, Danmarks Liberale Parti",FV15,normalized_exact
271,Kristian Jensen,Kristian Jensen,"Venstre, Danmarks Liberale Parti",FV19,normalized_exact
194,Kristian Pihl Lorentzen,Kristian Pihl Lorentzen,"Venstre, Danmarks Liberale Parti",FV11,normalized_exact
194,Kristian Pihl Lorentzen,Kristian Pihl Lorentzen,"Venstre, Danmarks Liberale Parti",FV15,normalized_exact
194,Kristian Pihl Lorentzen,Kristian Pihl Lorentzen,"Venstre, Danmarks Liberale Parti",FV19,normalized_exact
194,Kristian Pihl Lorentzen,Kristian Pihl Lorentzen,"Venstre, Danmarks Liberale Parti",FV22,normalized_exact
77,Kristian Thulesen Dahl,Kristian Thulesen Dahl,Dansk Folkeparti,FV11,normalized_exact
77,Kristian Thulesen Dahl,Kristian Thulesen Dahl,Dansk Folkeparti,FV15,normalized_exact
77,Kristian Thulesen Dahl,Kristian Thulesen Dahl,Dansk Folkeparti,FV19,normalized_exact
20841,Lars Arne Christensen,Lars Arne Christensen,Det Konservative Folkeparti,FV19,normalized_exact
20841,Lars Arne Christensen,Lars Arne Christensen,Moderaterne,FV22,normalized_exact
16610,Lars Aslan Rasmussen,Lars Aslan Rasmussen,Socialdemokratiet,FV15,normalized_exact
16610,Lars Aslan Rasmussen,Lars Aslan Rasmussen,Socialdemokratiet,FV19,normalized_exact
16610,Lars Aslan Rasmussen,Lars Aslan Rasmussen,Socialdemokratiet,FV22,normalized_exact
149,Lars Barfoed,Lars Barfoed,Det Konservative Folkeparti,FV15,normalized_exact
18724,Lars Boje Mathiesen,Lars Boje Mathiesen,Nye Borgerlige,FV19,normalized_exact
18724,Lars Boje Mathiesen,Lars Boje Mathiesen,Nye Borgerlige,FV22,normalized_exact
145,Lars Løkke Rasmussen,Lars Løkke Rasmussen,"Venstre, Danmarks Liberale Parti",FV11,normalized_exact
145,Lars Løkke Rasmussen,Lars Løkke Rasmussen,"Venstre, Danmarks Liberale Parti",FV19,normalized_exact
20392,Lars-Christian Brask,Lars-Christian Brask,"Venstre, Danmarks Liberale Parti",FV19,normalized_exact
20392,Lars-Christian Brask,Lars-Christian Brask,Liberal Alliance,FV22,normalized_exact
21044,Lasse Haugaard Pedersen,Lasse Haugaard Pedersen,Socialdemokratiet,FV22,normalized_exact
1504,Laura Lindahl,Laura Lindahl,Liberal Alliance,FV11,normalized_exact
1504,Laura Lindahl,Laura Lindahl,Liberal Alliance,FV15,normalized_exact
1504,Laura Lindahl,Laura Lindahl,Liberal Alliance,FV19,normalized_exact
1504,Laura Lindahl,Laura Lindahl,Det Konservative Folkeparti,FV22,normalized_exact
15760,Lea Wermelin,Lea Wermelin,Socialdemokratiet,FV15,normalized_exact
15760,Lea Wermelin,Lea Wermelin,Socialdemokratiet,FV19,normalized_exact
15760,Lea Wermelin,Lea Wermelin,Socialdemokratiet,FV22,normalized_exact
20580,Lean Milo,Lean Milo,Moderaterne,FV22,normalized_exact
260,Leif Lahn Jensen,Leif Lahn Jensen,Socialdemokratiet,FV11,normalized_exact
260,Leif Lahn Jensen,Leif Lahn Jensen,Socialdemokratiet,FV15,normalized_exact
260,Leif Lahn Jensen,Leif Lahn Jensen,Socialdemokratiet,FV19,normalized_exact
260,Leif Lahn Jensen,Leif Lahn Jensen,Socialdemokratiet,FV22,normalized_exact
245,Leif Mikkelsen,Leif Mikkelsen,Liberal Alliance,FV11,normalized_exact
245,Leif Mikkelsen,Leif Mikkelsen,Liberal Alliance,FV15,normalized_exact
20411,Leila Stockmarr,Leila Stockmarr,Enhedslisten – De Rød-Grønne,FV22,normalized_exact
131,Lene Espersen,Lene Espersen,Det Konservative Folkeparti,FV11,normalized_exact
184,Lennart Damsbo-Andersen,Lennart Damsbo-Andersen,Socialdemokratiet,FV11,normalized_exact
184,Lennart Damsbo-Andersen,Lennart Damsbo-Andersen,Socialdemokratiet,FV15,normalized_exact
184,Lennart Damsbo-Andersen,Lennart Damsbo-Andersen,Socialdemokratiet,FV19,normalized_exact
21475,Line Krogh Lay,Line Krogh Lay,Radikale Venstre,FV19,normalized_exact
21475,Line Krogh Lay,Line Krogh Lay,Radikale Venstre,FV22,normalized_exact
20371,Linea Søgaard-Lidell,Linea Søgaard-Lidell,"Venstre, Danmarks Liberale Parti",FV22,normalized_exact
21161,Lisa Perkins,Lisa Perkins,Liberal Alliance,FV22,normalized_exact
219,Lisbeth Bech-Nielsen,Lisbeth Bech-Nielsen,SF - Socialistisk Folkeparti,FV22,normalized_exact
20135,Lisbeth Torfing,Lisbeth Torfing,Enhedslisten – De Rød-Grønne,FV22,normalized_exact
15774,Lise Bech,Lise Bech,Dansk Folkeparti,FV15,normalized_exact
15774,Lise Bech,Lise Bech,Dansk Folkeparti,FV19,normalized_exact
15774,Lise Bech,Lise Bech,Danmarksdemokraterne ‒ Inger Støjberg,FV22,normalized_exact
20357,Lise Bertelsen,Lise Bertelsen,Det Konservative Folkeparti,FV22,normalized_exact
21361,Lise Müller,Lise Müller,SF - Socialistisk Folkeparti,FV15,normalized_exact
21361,Lise Müller,Lise Müller,SF - Socialistisk Folkeparti,FV19,normalized_exact
21361,Lise Müller,Lise Müller,SF - Socialistisk Folkeparti,FV22,normalized_exact
50,Liselott Blixt,Liselott Blixt,Dansk Folkeparti,FV11,normalized_exact
50,Liselott Blixt,Liselott Blixt,Dansk Folkeparti,FV15,normalized_exact
50,Liselott Blixt,Liselott Blixt,Dansk Folkeparti,FV19,normalized_exact
161,Liv Holm Andersen,Liv Holm Andersen,Radikale Venstre,FV11,normalized_exact
161,Liv Holm Andersen,Liv Holm Andersen,Radikale Venstre,FV15,normalized_exact
21527,Lone Langballe,Lone Langballe,Dansk Folkeparti,FV22,normalized_exact
156,Lone Loklindt,Lone Loklindt,Radikale Venstre,FV11,normalized_exact
156,Lone Loklindt,Lone Loklindt,Radikale Venstre,FV15,normalized_exact
112,Lotte Rod,Lotte Rod,Radikale Venstre,FV11,normalized_exact
112,Lotte Rod,Lotte Rod,Radikale Venstre,FV15,normalized_exact
112,Lotte Rod,Lotte Rod,Radikale Venstre,FV19,normalized_exact
112,Lotte Rod,Lotte Rod,Radikale Venstre,FV22,normalized_exact
20399,Louise Brown,Louise Brown,Liberal Alliance,FV22,normalized_exact
21353,Louise Louring,Louise Louring,"Venstre, Danmarks Liberale Parti",FV22,normalized_exact
20930,Louise Mehnke,Louise Mehnke,Socialdemokratiet,FV22,normalized_exact
19684,Mads Andersen,Mads Andersen,Det Konservative Folkeparti,FV19,normalized_exact
19684,Mads Andersen,Mads Andersen,Det Konservative Folkeparti,FV22,normalized_exact
17629,Mads Fuglede,Mads Fuglede,"Venstre, Danmarks Liberale Parti",FV15,normalized_exact
17629,Mads Fuglede,Mads Fuglede,"Venstre, Danmarks Liberale Parti",FV19,normalized_exact
17629,Mads Fuglede,Mads Fuglede,"Venstre, Danmarks Liberale Parti",FV22,normalized_exact
81,Mads Rørvig,Mads Rørvig,"Venstre, Danmarks Liberale Parti",FV11,normalized_exact
81,Mads Rørvig,Mads Rørvig,"Venstre, Danmarks Liberale Parti",FV15,normalized_exact
244,Magnus Heunicke,Magnus Heunicke,Socialdemokratiet,FV11,normalized_exact
244,Magnus Heunicke,Magnus Heunicke,Socialdemokratiet,FV15,normalized_exact
244,Magnus Heunicke,Magnus Heunicke,Socialdemokratiet,FV19,normalized_exact
189,Mai Mercado,Mai Mercado,Det Konservative Folkeparti,FV15,normalized_exact
189,Mai Mercado,Mai Mercado,Det Konservative Folkeparti,FV19,normalized_exact
189,Mai Mercado,Mai Mercado,Det Konservative Folkeparti,FV22,normalized_exact
18693,Mai Villadsen,Mai Villadsen,Enhedslisten - De Rød-Grønne,FV19,normalized_exact
18693,Mai Villadsen,Mai Villadsen,Enhedslisten – De Rød-Grønne,FV22,normalized_exact
297,Maja Panduro (udpeget af S),Maja Panduro,Socialdemokratiet,FV11,normalized_exact
297,Maja Panduro (udpeget af S),Maja Panduro,Socialdemokratiet,FV15,normalized_exact
19569,Maja Torp,Maja Torp,"Venstre, Danmarks Liberale Parti",FV19,normalized_exact
19569,Maja Torp,Maja Torp,"Venstre, Danmarks Liberale Parti",FV22,normalized_exact
16473,Malou Lunderød,Malou Lunderød,Socialdemokratiet,FV15,normalized_exact
21376,Malte Larsen,Malte Larsen,Socialdemokratiet,FV15,normalized_exact
21376,Malte Larsen,Malte Larsen,Socialdemokratiet,FV19,normalized_exact
21376,Malte Larsen,Malte Larsen,Socialdemokratiet,FV22,normalized_exact
16351,Malte Larsen,Malte Larsen,Socialdemokratiet,FV15,normalized_exact
16351,Malte Larsen,Malte Larsen,Socialdemokratiet,FV19,normalized_exact
16351,Malte Larsen,Malte Larsen,Socialdemokratiet,FV22,normalized_exact
231,Manu Sareen,Manu Sareen,Radikale Venstre,FV11,normalized_exact
231,Manu Sareen,Manu Sareen,Radikale Venstre,FV15,normalized_exact
15790,Marcus Knuth,Marcus Knuth,"Venstre, Danmarks Liberale Parti",FV15,normalized_exact
15790,Marcus Knuth,Marcus Knuth,"Venstre, Danmarks Liberale Parti",FV19,normalized_exact
15790,Marcus Knuth,Marcus Knuth,Det Konservative Folkeparti,FV22,normalized_exact
106,Margrethe Vestager,Margrethe Vestager,Radikale Venstre,FV11,normalized_exact
20368,Maria Durhuus,Maria Durhuus,Socialdemokratiet,FV19,normalized_exact
20368,Maria Durhuus,Maria Durhuus,Socialdemokratiet,FV22,normalized_exact
20144,Maria Gudme,Maria Gudme,Socialdemokratiet,FV19,normalized_exact
20144,Maria Gudme,Maria Gudme,Socialdemokratiet,FV22,normalized_exact
15769,Maria Reumert Gjerding,Maria Reumert Gjerding,Enhedslisten - De Rød-Grønne,FV11,normalized_exact
15769,Maria Reumert Gjerding,Maria Reumert Gjerding,Enhedslisten - De Rød-Grønne,FV15,normalized_exact
20358,Marianne Bigum,Marianne Bigum,SF - Socialistisk Folkeparti,FV19,normalized_exact
20358,Marianne Bigum,Marianne Bigum,SF - Socialistisk Folkeparti,FV22,normalized_exact
17543,Marianne Bredal,Marianne Bredal,"Venstre, Danmarks Liberale Parti",FV11,normalized_exact
17543,Marianne Bredal,Marianne Bredal,"Venstre, Danmarks Liberale Parti",FV15,normalized_exact
55,Marianne Jelved,Marianne Jelved,Radikale Venstre,FV15,normalized_exact
55,Marianne Jelved,Marianne Jelved,Radikale Venstre,FV19,normalized_exact
18701,Marie Bjerre,Marie Bjerre,"Venstre, Danmarks Liberale Parti",FV19,normalized_exact
18701,Marie Bjerre,Marie Bjerre,"Venstre, Danmarks Liberale Parti",FV22,normalized_exact
78,Marie Krarup,Marie Krarup,Dansk Folkeparti,FV11,normalized_exact
78,Marie Krarup,Marie Krarup,Dansk Folkeparti,FV15,normalized_exact
78,Marie Krarup,Marie Krarup,Dansk Folkeparti,FV19,normalized_exact
19948,Mark Grossmann,Mark Grossmann,Det Konservative Folkeparti,FV11,normalized_exact
19948,Mark Grossmann,Mark Grossmann,"Venstre, Danmarks Liberale Parti",FV15,normalized_exact
19948,Mark Grossmann,Mark Grossmann,"Venstre, Danmarks Liberale Parti",FV19,normalized_exact
18698,Marlene Ambo-Rasmussen,Marlene Ambo-Rasmussen,"Venstre, Danmarks Liberale Parti",FV15,normalized_exact
18698,Marlene Ambo-Rasmussen,Marlene Ambo-Rasmussen,"Venstre, Danmarks Liberale Parti",FV19,normalized_exact
18698,Marlene Ambo-Rasmussen,Marlene Ambo-Rasmussen,"Venstre, Danmarks Liberale Parti",FV22,normalized_exact
86,Marlene Borst Hansen,Marlene Borst Hansen,Radikale Venstre,FV15,normalized_exact
1146,Marlene Harpsøe,Marlene Harpsøe,Dansk Folkeparti,FV11,normalized_exact
1146,Marlene Harpsøe,Marlene Harpsøe,Dansk Folkeparti,FV15,normalized_exact
1146,Marlene Harpsøe,Marlene Harpsøe,Dansk Folkeparti,FV19,normalized_exact
1146,Marlene Harpsøe,Marlene Harpsøe,Danmarksdemokraterne ‒ Inger Støjberg,FV22,normalized_exact
88,Martin Geertsen,Martin Geertsen,"Venstre, Danmarks Liberale Parti",FV11,normalized_exact
88,Martin Geertsen,Martin Geertsen,"Venstre, Danmarks Liberale Parti",FV15,normalized_exact
88,Martin Geertsen,Martin Geertsen,"Venstre, Danmarks Liberale Parti",FV19,normalized_exact
88,Martin Geertsen,Martin Geertsen,"Venstre, Danmarks Liberale Parti",FV22,normalized_exact
70,Martin Henriksen (udpeget af DF),Martin Henriksen,Dansk Folkeparti,FV11,normalized_exact
70,Martin Henriksen (udpeget af DF),Martin Henriksen,Dansk Folkeparti,FV15,normalized_exact
70,Martin Henriksen (udpeget af DF),Martin Henriksen,Dansk Folkeparti,FV19,normalized_exact
141,Martin Lidegaard,Martin Lidegaard,Radikale Venstre,FV15,normalized_exact
141,Martin Lidegaard,Martin Lidegaard,Radikale Venstre,FV19,normalized_exact
141,Martin Lidegaard,Martin Lidegaard,Radikale Venstre,FV22,normalized_exact
20365,Matilde Powers,Matilde Powers,Socialdemokratiet,FV22,normalized_exact
15770,Mattias Tesfaye,Mattias Tesfaye,Socialdemokratiet,FV15,normalized_exact
15770,Mattias Tesfaye,Mattias Tesfaye,Socialdemokratiet,FV19,normalized_exact
15770,Mattias Tesfaye,Mattias Tesfaye,Socialdemokratiet,FV22,normalized_exact
15795,May-Britt Kattrup,May-Britt Kattrup,Liberal Alliance,FV19,normalized_exact
378,Merete Dea Larsen,Merete Dea Larsen,Dansk Folkeparti,FV11,normalized_exact
378,Merete Dea Larsen,Merete Dea Larsen,Dansk Folkeparti,FV15,normalized_exact
378,Merete Dea Larsen,Merete Dea Larsen,Dansk Folkeparti,FV19,normalized_exact
378,Merete Dea Larsen,Merete Dea Larsen,Dansk Folkeparti,FV22,normalized_exact
73,Merete Riisager,Merete Riisager,Liberal Alliance,FV11,normalized_exact
73,Merete Riisager,Merete Riisager,Liberal Alliance,FV15,normalized_exact
17360,Merete Scheelsbeck,Merete Scheelsbeck,Det Konservative Folkeparti,FV15,normalized_exact
17360,Merete Scheelsbeck,Merete Scheelsbeck,Det Konservative Folkeparti,FV19,normalized_exact
17360,Merete Scheelsbeck,Merete Scheelsbeck,Det Konservative Folkeparti,FV22,normalized_exact
15793,Mette Abildgaard,Mette Abildgaard,Det Konservative Folkeparti,FV11,normalized_exact
15793,Mette Abildgaard,Mette Abildgaard,Det Konservative Folkeparti,FV15,normalized_exact
15793,Mette Abildgaard,Mette Abildgaard,Det Konservative Folkeparti,FV19,normalized_exact
15793,Mette Abildgaard,Mette Abildgaard,Det Konservative Folkeparti,FV22,normalized_exact
135,Mette Bock,Mette Bock,Liberal Alliance,FV11,normalized_exact
135,Mette Bock,Mette Bock,Liberal Alliance,FV15,normalized_exact
138,Mette Frederiksen,Mette Frederiksen,Socialdemokratiet,FV11,normalized_exact
138,Mette Frederiksen,Mette Frederiksen,Socialdemokratiet,FV15,normalized_exact
138,Mette Frederiksen,Mette Frederiksen,Socialdemokratiet,FV19,normalized_exact
197,Mette Gjerskov,Mette Gjerskov,Socialdemokratiet,FV11,normalized_exact
197,Mette Gjerskov,Mette Gjerskov,Socialdemokratiet,FV15,normalized_exact
197,Mette Gjerskov,Mette Gjerskov,Socialdemokratiet,FV19,normalized_exact
197,Mette Gjerskov,Mette Gjerskov,Socialdemokratiet,FV22,normalized_exact
263,Mette Hjermind Dencker,Mette Hjermind Dencker,Dansk Folkeparti,FV11,normalized_exact
263,Mette Hjermind Dencker,Mette Hjermind Dencker,Dansk Folkeparti,FV15,normalized_exact
263,Mette Hjermind Dencker,Mette Hjermind Dencker,Dansk Folkeparti,FV19,normalized_exact
20382,Mette Kierkgaard,Mette Kierkgaard,Moderaterne,FV22,normalized_exact
74,Mette Reissmann,Mette Reissmann,Socialdemokratiet,FV11,normalized_exact
74,Mette Reissmann,Mette Reissmann,Socialdemokratiet,FV15,normalized_exact
74,Mette Reissmann,Mette Reissmann,Socialdemokratiet,FV19,normalized_exact
74,Mette Reissmann,Mette Reissmann,Socialdemokratiet,FV22,normalized_exact
18721,Mette Thiesen,Mette Thiesen,Det Konservative Folkeparti,FV15,normalized_exact
18721,Mette Thiesen,Mette Thiesen,Nye Borgerlige,FV19,normalized_exact
18721,Mette Thiesen,Mette Thiesen,Nye Borgerlige,FV22,normalized_exact
178,Michael Aastrup Jensen,Michael Aastrup Jensen,"Venstre, Danmarks Liberale Parti",FV11,normalized_exact
178,Michael Aastrup Jensen,Michael Aastrup Jensen,"Venstre, Danmarks Liberale Parti",FV15,normalized_exact
178,Michael Aastrup Jensen,Michael Aastrup Jensen,"Venstre, Danmarks Liberale Parti",FV19,normalized_exact
178,Michael Aastrup Jensen,Michael Aastrup Jensen,"Venstre, Danmarks Liberale Parti",FV22,normalized_exact
21351,Michael Nedersøe,Michael Nedersøe,Dansk Folkeparti,FV15,normalized_exact
21351,Michael Nedersøe,Michael Nedersøe,Dansk Folkeparti,FV19,normalized_exact
21351,Michael Nedersøe,Michael Nedersøe,Dansk Folkeparti,FV22,normalized_exact
21075,Michael Rosenmark,Michael Rosenmark,Danmarksdemokraterne ‒ Inger Støjberg,FV22,normalized_exact
343,Mie Bergmann,Mie Bergmann,Radikale Venstre,FV11,normalized_exact
96,Mike Legarth,Mike Legarth,Det Konservative Folkeparti,FV11,normalized_exact
96,Mike Legarth,Mike Legarth,Det Konservative Folkeparti,FV15,normalized_exact
20356,Mikkel Bjørn,Mikkel Bjørn,Nye Borgerlige,FV22,normalized_exact
216,Mikkel Dencker,Mikkel Dencker,Dansk Folkeparti,FV11,normalized_exact
216,Mikkel Dencker,Mikkel Dencker,Dansk Folkeparti,FV15,normalized_exact
216,Mikkel Dencker,Mikkel Dencker,Dansk Folkeparti,FV19,normalized_exact
216,Mikkel Dencker,Mikkel Dencker,Dansk Folkeparti,FV22,normalized_exact
18953,Mira Issa Bloch,Mira Issa Bloch,Alternativet,FV19,normalized_exact
18953,Mira Issa Bloch,Mira Issa Bloch,Alternativet,FV22,normalized_exact
154,Mogens Jensen,Mogens Jensen,Socialdemokratiet,FV11,normalized_exact
154,Mogens Jensen,Mogens Jensen,Socialdemokratiet,FV15,normalized_exact
154,Mogens Jensen,Mogens Jensen,Socialdemokratiet,FV19,normalized_exact
154,Mogens Jensen,Mogens Jensen,Socialdemokratiet,FV22,normalized_exact
384,Mogens Lykketoft,Mogens Lykketoft,Socialdemokratiet,FV11,normalized_exact
384,Mogens Lykketoft,Mogens Lykketoft,Socialdemokratiet,FV15,normalized_exact
20415,Mohammad Rona,Mohammad Rona,Moderaterne,FV22,normalized_exact
18713,Mona Juul,Mona Juul,Det Konservative Folkeparti,FV19,normalized_exact
18713,Mona Juul,Mona Juul,Det Konservative Folkeparti,FV22,normalized_exact
20380,Monika Rubin,Monika Rubin,Moderaterne,FV22,normalized_exact
220,Morten Bødskov,Morten Bødskov,Socialdemokratiet,FV11,normalized_exact
220,Morten Bødskov,Morten Bødskov,Socialdemokratiet,FV15,normalized_exact
220,Morten Bødskov,Morten Bødskov,Socialdemokratiet,FV19,normalized_exact
220,Morten Bødskov,Morten Bødskov,Socialdemokratiet,FV22,normalized_exact
18696,Morten Dahlin,Morten Dahlin,"Venstre, Danmarks Liberale Parti",FV15,normalized_exact
18696,Morten Dahlin,Morten Dahlin,"Venstre, Danmarks Liberale Parti",FV19,normalized_exact
18696,Morten Dahlin,Morten Dahlin,"Venstre, Danmarks Liberale Parti",FV22,normalized_exact
21143,Morten Klessen,Morten Klessen,Socialdemokratiet,FV22,normalized_exact
15771,Morten Løkkegaard,Morten Løkkegaard,"Venstre, Danmarks Liberale Parti",FV15,normalized_exact
101,Morten Marinus,Morten Marinus,Dansk Folkeparti,FV15,normalized_exact
101,Morten Marinus,Morten Marinus,Dansk Folkeparti,FV19,normalized_exact
238,Morten Messerschmidt,Morten Messerschmidt,Dansk Folkeparti,FV19,normalized_exact
238,Morten Messerschmidt,Morten Messerschmidt,Dansk Folkeparti,FV22,normalized_exact
20823,Morten Vehl,Morten Vehl,Danmarksdemokraterne ‒ Inger Støjberg,FV22,normalized_exact
116,Morten Østergaard,Morten Østergaard,Radikale Venstre,FV11,normalized_exact
116,Morten Østergaard,Morten Østergaard,Radikale Venstre,FV15,normalized_exact
116,Morten Østergaard,Morten Østergaard,Radikale Venstre,FV19,normalized_exact
185,Nadeem Farooq,Nadeem Farooq,Radikale Venstre,FV11,normalized_exact
21383,Nanna Bonde,Nanna Bonde,SF - Socialistisk Folkeparti,FV19,normalized_exact
21383,Nanna Bonde,Nanna Bonde,SF - Socialistisk Folkeparti,FV22,normalized_exact
20527,Nanna Høyrup,Nanna Høyrup,Alternativet,FV22,normalized_exact
20384,Nanna W. Gotfredsen,Nanna W. Gotfredsen,Moderaterne,FV22,normalized_exact
668,Naser Khader,Naser Khader,Det Konservative Folkeparti,FV11,normalized_exact
668,Naser Khader,Naser Khader,Det Konservative Folkeparti,FV15,normalized_exact
668,Naser Khader,Naser Khader,Det Konservative Folkeparti,FV19,normalized_exact
67,Nick Hækkerup,Nick Hækkerup,Socialdemokratiet,FV11,normalized_exact
67,Nick Hækkerup,Nick Hækkerup,Socialdemokratiet,FV15,normalized_exact
67,Nick Hækkerup,Nick Hækkerup,Socialdemokratiet,FV19,normalized_exact
20350,Nick Zimmermann,Nick Zimmermann,Dansk Folkeparti,FV19,normalized_exact
20350,Nick Zimmermann,Nick Zimmermann,Dansk Folkeparti,FV22,normalized_exact
12,Nicolai Wammen,Nicolai Wammen,Socialdemokratiet,FV11,normalized_exact
12,Nicolai Wammen,Nicolai Wammen,Socialdemokratiet,FV15,normalized_exact
12,Nicolai Wammen,Nicolai Wammen,Socialdemokratiet,FV19,normalized_exact
12,Nicolai Wammen,Nicolai Wammen,Socialdemokratiet,FV22,normalized_exact
18712,Niels Flemming Hansen,Niels Flemming Hansen,Det Konservative Folkeparti,FV19,normalized_exact
18712,Niels Flemming Hansen,Niels Flemming Hansen,Det Konservative Folkeparti,FV22,normalized_exact
16176,Nikolaj Amstrup,Nikolaj Amstrup,Alternativet,FV15,normalized_exact
68,Nikolaj Villumsen,Nikolaj Villumsen,Enhedslisten - De Rød-Grønne,FV11,normalized_exact
68,Nikolaj Villumsen,Nikolaj Villumsen,Enhedslisten - De Rød-Grønne,FV15,normalized_exact
68,Nikolaj Villumsen,Nikolaj Villumsen,Enhedslisten - De Rød-Grønne,FV19,normalized_exact
20629,Nikoline Erbs Hillers-Bendtsen,Nikoline Erbs Hillers-Bendtsen,Alternativet,FV22,normalized_exact
18830,Nils Sjøberg,Nils Sjøberg,Radikale Venstre,FV11,normalized_exact
18830,Nils Sjøberg,Nils Sjøberg,Radikale Venstre,FV15,normalized_exact
18830,Nils Sjøberg,Nils Sjøberg,Radikale Venstre,FV19,normalized_exact
18830,Nils Sjøberg,Nils Sjøberg,Radikale Venstre,FV22,normalized_exact
99,Ole Birk Olesen,Ole Birk Olesen,Liberal Alliance,FV11,normalized_exact
99,Ole Birk Olesen,Ole Birk Olesen,Liberal Alliance,FV15,normalized_exact
99,Ole Birk Olesen,Ole Birk Olesen,Liberal Alliance,FV19,normalized_exact
99,Ole Birk Olesen,Ole Birk Olesen,Liberal Alliance,FV22,normalized_exact
272,Ole Hækkerup,Ole Hækkerup,Socialdemokratiet,FV11,normalized_exact
272,Ole Hækkerup,Ole Hækkerup,Socialdemokratiet,FV15,normalized_exact
226,Ole Sohn,Ole Sohn,SF - Socialistisk Folkeparti,FV11,normalized_exact
246,Orla Hav,Orla Hav,Socialdemokratiet,FV11,normalized_exact
246,Orla Hav,Orla Hav,Socialdemokratiet,FV15,normalized_exact
246,Orla Hav,Orla Hav,Socialdemokratiet,FV19,normalized_exact
17140,Orla Østerby,Orla Østerby,Det Konservative Folkeparti,FV15,normalized_exact
17140,Orla Østerby,Orla Østerby,Det Konservative Folkeparti,FV19,normalized_exact
16582,Peder Hvelplund,Peder Hvelplund,Enhedslisten - De Rød-Grønne,FV11,normalized_exact
16582,Peder Hvelplund,Peder Hvelplund,Enhedslisten - De Rød-Grønne,FV15,normalized_exact
16582,Peder Hvelplund,Peder Hvelplund,Enhedslisten - De Rød-Grønne,FV19,normalized_exact
16582,Peder Hvelplund,Peder Hvelplund,Enhedslisten – De Rød-Grønne,FV22,normalized_exact
15777,Pelle Dragsted,Pelle Dragsted,Enhedslisten - De Rød-Grønne,FV15,normalized_exact
15777,Pelle Dragsted,Pelle Dragsted,Enhedslisten – De Rød-Grønne,FV22,normalized_exact
171,Per Clausen,Per Clausen,Enhedslisten - De Rød-Grønne,FV11,normalized_exact
273,Per Husted,Per Husted,Socialdemokratiet,FV11,normalized_exact
273,Per Husted,Per Husted,Socialdemokratiet,FV15,normalized_exact
273,Per Husted,Per Husted,Socialdemokratiet,FV19,normalized_exact
273,Per Husted,Per Husted,Socialdemokratiet,FV22,normalized_exact
11702,Per Larsen,Per Larsen,Det Konservative Folkeparti,FV19,normalized_exact
11702,Per Larsen,Per Larsen,Det Konservative Folkeparti,FV22,normalized_exact
1375,Per Løkken,Per Løkken,Det Konservative Folkeparti,FV11,normalized_exact
1375,Per Løkken,Per Løkken,Det Konservative Folkeparti,FV15,normalized_exact
17736,Per Nørhave,Per Nørhave,Dansk Folkeparti,FV11,normalized_exact
17736,Per Nørhave,Per Nørhave,Dansk Folkeparti,FV15,normalized_exact
153,Per Stig Møller,Per Stig Møller,Det Konservative Folkeparti,FV11,normalized_exact
15767,Pernille Bendixen,Pernille Bendixen,Dansk Folkeparti,FV11,normalized_exact
15767,Pernille Bendixen,Pernille Bendixen,Dansk Folkeparti,FV15,normalized_exact
15767,Pernille Bendixen,Pernille Bendixen,Dansk Folkeparti,FV19,normalized_exact
172,Pernille Rosenkrantz-Theil,Pernille Rosenkrantz-Theil,Socialdemokratiet,FV11,normalized_exact
172,Pernille Rosenkrantz-Theil,Pernille Rosenkrantz-Theil,Socialdemokratiet,FV15,normalized_exact
172,Pernille Rosenkrantz-Theil,Pernille Rosenkrantz-Theil,Socialdemokratiet,FV19,normalized_exact
172,Pernille Rosenkrantz-Theil,Pernille Rosenkrantz-Theil,Socialdemokratiet,FV22,normalized_exact
15768,Pernille Schnoor,Pernille Schnoor,Socialdemokratiet,FV15,normalized_exact
69,Pernille Skipper,Pernille Skipper,Enhedslisten - De Rød-Grønne,FV11,normalized_exact
69,Pernille Skipper,Pernille Skipper,Enhedslisten - De Rød-Grønne,FV15,normalized_exact
69,Pernille Skipper,Pernille Skipper,Enhedslisten - De Rød-Grønne,FV19,normalized_exact
18723,Pernille Vermund,Pernille Vermund,Det Konservative Folkeparti,FV15,normalized_exact
18723,Pernille Vermund,Pernille Vermund,Nye Borgerlige,FV19,normalized_exact
18723,Pernille Vermund,Pernille Vermund,Nye Borgerlige,FV22,normalized_exact
195,Pernille Vigsø Bagge,Pernille Vigsø Bagge,SF - Socialistisk Folkeparti,FV11,normalized_exact
94,Peter Christensen,Peter Christensen,"Venstre, Danmarks Liberale Parti",FV11,normalized_exact
94,Peter Christensen,Peter Christensen,"Venstre, Danmarks Liberale Parti",FV15,normalized_exact
20389,Peter Have,Peter Have,Moderaterne,FV22,normalized_exact
15776,Peter Hummelgaard,Peter Hummelgaard,Socialdemokratiet,FV19,normalized_exact
15776,Peter Hummelgaard,Peter Hummelgaard,Socialdemokratiet,FV22,normalized_exact
180,Peter Juel-Jensen,Peter Juel-Jensen,"Venstre, Danmarks Liberale Parti",FV19,normalized_exact
180,Peter Juel-Jensen,Peter Juel-Jensen,"Venstre, Danmarks Liberale Parti",FV22,normalized_exact
15763,Peter Kofod,Peter Kofod,Dansk Folkeparti,FV22,normalized_exact
1334,Peter Laigaard,Peter Laigaard,Liberal Alliance,FV11,normalized_exact
1334,Peter Laigaard,Peter Laigaard,Liberal Alliance,FV15,normalized_exact
18722,Peter Seier Christensen,Peter Seier Christensen,Nye Borgerlige,FV19,normalized_exact
18722,Peter Seier Christensen,Peter Seier Christensen,Nye Borgerlige,FV22,normalized_exact
48,Peter Skaarup,Peter Skaarup,Dansk Folkeparti,FV11,normalized_exact
48,Peter Skaarup,Peter Skaarup,Dansk Folkeparti,FV15,normalized_exact
48,Peter Skaarup,Peter Skaarup,Dansk Folkeparti,FV19,normalized_exact
48,Peter Skaarup,Peter Skaarup,Danmarksdemokraterne ‒ Inger Støjberg,FV22,normalized_exact
221,Pia Adelsteen,Pia Adelsteen,Dansk Folkeparti,FV11,normalized_exact
221,Pia Adelsteen,Pia Adelsteen,Dansk Folkeparti,FV15,normalized_exact
252,Pia Kjærsgaard,Pia Kjærsgaard,Dansk Folkeparti,FV11,normalized_exact
252,Pia Kjærsgaard,Pia Kjærsgaard,Dansk Folkeparti,FV15,normalized_exact
252,Pia Kjærsgaard,Pia Kjærsgaard,Dansk Folkeparti,FV19,normalized_exact
252,Pia Kjærsgaard,Pia Kjærsgaard,Dansk Folkeparti,FV22,normalized_exact
43,Pia Olsen Dyhr,Pia Olsen Dyhr,SF - Socialistisk Folkeparti,FV11,normalized_exact
43,Pia Olsen Dyhr,Pia Olsen Dyhr,SF - Socialistisk Folkeparti,FV15,normalized_exact
43,Pia Olsen Dyhr,Pia Olsen Dyhr,SF - Socialistisk Folkeparti,FV19,normalized_exact
43,Pia Olsen Dyhr,Pia Olsen Dyhr,SF - Socialistisk Folkeparti,FV22,normalized_exact
127,Preben Bang Henriksen,Preben Bang Henriksen,"Venstre, Danmarks Liberale Parti",FV15,normalized_exact
127,Preben Bang Henriksen,Preben Bang Henriksen,"Venstre, Danmarks Liberale Parti",FV19,normalized_exact
127,Preben Bang Henriksen,Preben Bang Henriksen,"Venstre, Danmarks Liberale Parti",FV22,normalized_exact
20941,Preben Friis-Hauge,Preben Friis-Hauge,"Venstre, Danmarks Liberale Parti",FV22,normalized_exact
59,Rasmus Helveg Petersen,Rasmus Helveg Petersen,Radikale Venstre,FV11,normalized_exact
59,Rasmus Helveg Petersen,Rasmus Helveg Petersen,Radikale Venstre,FV15,normalized_exact
59,Rasmus Helveg Petersen,Rasmus Helveg Petersen,Radikale Venstre,FV19,normalized_exact
59,Rasmus Helveg Petersen,Rasmus Helveg Petersen,Radikale Venstre,FV22,normalized_exact
266,Rasmus Horn Langhoff,Rasmus Horn Langhoff,Socialdemokratiet,FV11,normalized_exact
266,Rasmus Horn Langhoff,Rasmus Horn Langhoff,Socialdemokratiet,FV15,normalized_exact
266,Rasmus Horn Langhoff,Rasmus Horn Langhoff,Socialdemokratiet,FV19,normalized_exact
266,Rasmus Horn Langhoff,Rasmus Horn Langhoff,Socialdemokratiet,FV22,normalized_exact
1454,Rasmus Jarlov,Rasmus Jarlov,Det Konservative Folkeparti,FV11,normalized_exact
1454,Rasmus Jarlov,Rasmus Jarlov,Det Konservative Folkeparti,FV15,normalized_exact
1454,Rasmus Jarlov,Rasmus Jarlov,Det Konservative Folkeparti,FV19,normalized_exact
1454,Rasmus Jarlov,Rasmus Jarlov,Det Konservative Folkeparti,FV22,normalized_exact
20386,Rasmus Lund-Nielsen,Rasmus Lund-Nielsen,Moderaterne,FV22,normalized_exact
15792,Rasmus Nordqvist,Rasmus Nordqvist,Alternativet,FV15,normalized_exact
15792,Rasmus Nordqvist,Rasmus Nordqvist,Alternativet,FV19,normalized_exact
15792,Rasmus Nordqvist,Rasmus Nordqvist,SF - Socialistisk Folkeparti,FV22,normalized_exact
264,Rasmus Prehn,Rasmus Prehn,Socialdemokratiet,FV11,normalized_exact
264,Rasmus Prehn,Rasmus Prehn,Socialdemokratiet,FV15,normalized_exact
264,Rasmus Prehn,Rasmus Prehn,Socialdemokratiet,FV19,normalized_exact
264,Rasmus Prehn,Rasmus Prehn,Socialdemokratiet,FV22,normalized_exact
18716,Rasmus Stoklund,Rasmus Stoklund,Socialdemokratiet,FV19,normalized_exact
18716,Rasmus Stoklund,Rasmus Stoklund,Socialdemokratiet,FV22,normalized_exact
16073,Rasmus Vestergaard Madsen,Rasmus Vestergaard Madsen,Enhedslisten - De Rød-Grønne,FV11,normalized_exact
16073,Rasmus Vestergaard Madsen,Rasmus Vestergaard Madsen,Enhedslisten - De Rød-Grønne,FV15,normalized_exact
16073,Rasmus Vestergaard Madsen,Rasmus Vestergaard Madsen,Enhedslisten - De Rød-Grønne,FV19,normalized_exact
16073,Rasmus Vestergaard Madsen,Rasmus Vestergaard Madsen,Enhedslisten – De Rød-Grønne,FV22,normalized_exact
98,René Christensen,René Christensen,Dansk Folkeparti,FV11,normalized_exact
98,René Christensen,René Christensen,Dansk Folkeparti,FV15,normalized_exact
98,René Christensen,René Christensen,Dansk Folkeparti,FV19,normalized_exact
98,René Christensen,René Christensen,Dansk Folkeparti,FV22,normalized_exact
15786,René Gade,René Gade,Alternativet,FV15,normalized_exact
1455,René Skau Björnsson,René Skau Björnsson,Socialdemokratiet,FV11,normalized_exact
20559,Reza Javid,Reza Javid,Enhedslisten - De Rød-Grønne,FV15,normalized_exact
20559,Reza Javid,Reza Javid,Enhedslisten - De Rød-Grønne,FV19,normalized_exact
20559,Reza Javid,Reza Javid,Enhedslisten – De Rød-Grønne,FV22,normalized_exact
20378,Rosa Eriksen,Rosa Eriksen,Moderaterne,FV22,normalized_exact
110,Rosa Lund,Rosa Lund,Enhedslisten - De Rød-Grønne,FV11,normalized_exact
110,Rosa Lund,Rosa Lund,Enhedslisten - De Rød-Grønne,FV15,normalized_exact
110,Rosa Lund,Rosa Lund,Enhedslisten - De Rød-Grønne,FV19,normalized_exact
110,Rosa Lund,Rosa Lund,Enhedslisten – De Rød-Grønne,FV22,normalized_exact
19196,Ruben Kidde,Ruben Kidde,Radikale Venstre,FV19,normalized_exact
19196,Ruben Kidde,Ruben Kidde,Radikale Venstre,FV22,normalized_exact
20779,Runa Friis Hansen,Runa Friis Hansen,Enhedslisten – De Rød-Grønne,FV22,normalized_exact
21357,Rune Bønnelykke,Rune Bønnelykke,Nye Borgerlige,FV22,normalized_exact
21373,Rune Kristensen,Rune Kristensen,Det Konservative Folkeparti,FV11,normalized_exact
21373,Rune Kristensen,Rune Kristensen,Det Konservative Folkeparti,FV15,normalized_exact
21373,Rune Kristensen,Rune Kristensen,Det Konservative Folkeparti,FV22,normalized_exact
655,Rune Lund,Rune Lund,Enhedslisten - De Rød-Grønne,FV15,normalized_exact
655,Rune Lund,Rune Lund,Enhedslisten - De Rød-Grønne,FV19,normalized_exact
18725,Samira Nawa,Samira Nawa,Radikale Venstre,FV19,normalized_exact
18725,Samira Nawa,Samira Nawa,Radikale Venstre,FV22,normalized_exact
20400,Sandra Elisabeth Skalvig,Sandra Elisabeth Skalvig,Liberal Alliance,FV22,normalized_exact
282,Sanne Bjørn,Sanne Bjørn,Radikale Venstre,FV11,normalized_exact
282,Sanne Bjørn,Sanne Bjørn,Radikale Venstre,FV15,normalized_exact
188,Sanne Rubinke,Sanne Rubinke,SF - Socialistisk Folkeparti,FV11,normalized_exact
188,Sanne Rubinke,Sanne Rubinke,SF - Socialistisk Folkeparti,FV15,normalized_exact
20363,Sara Emil Baaring,Sara Emil Baaring,Socialdemokratiet,FV22,normalized_exact
16603,Sarah Glerup,Sarah Glerup,Enhedslisten - De Rød-Grønne,FV15,normalized_exact
13727,Sarah Nørris,Sarah Nørris,Enhedslisten - De Rød-Grønne,FV19,normalized_exact
13727,Sarah Nørris,Sarah Nørris,Enhedslisten – De Rød-Grønne,FV22,normalized_exact
20353,Sascha Faxe,Sascha Faxe,Alternativet,FV19,normalized_exact
20353,Sascha Faxe,Sascha Faxe,Alternativet,FV22,normalized_exact
18278,Serdal Benli,Serdal Benli,SF - Socialistisk Folkeparti,FV11,normalized_exact
18278,Serdal Benli,Serdal Benli,SF - Socialistisk Folkeparti,FV15,normalized_exact
18278,Serdal Benli,Serdal Benli,SF - Socialistisk Folkeparti,FV19,normalized_exact
18278,Serdal Benli,Serdal Benli,SF - Socialistisk Folkeparti,FV22,normalized_exact
18709,Signe Munk,Signe Munk,SF - Socialistisk Folkeparti,FV15,normalized_exact
18709,Signe Munk,Signe Munk,SF - Socialistisk Folkeparti,FV19,normalized_exact
18709,Signe Munk,Signe Munk,SF - Socialistisk Folkeparti,FV22,normalized_exact
21368,Signe Wenneberg,Signe Wenneberg,Socialdemokratiet,FV11,normalized_exact
20359,Sigurd Agersnap,Sigurd Agersnap,SF - Socialistisk Folkeparti,FV22,normalized_exact
18691,Sikandar Siddique,Sikandar Siddique,Alternativet,FV19,normalized_exact
18691,Sikandar Siddique,Sikandar Siddique,Frie Grønne,FV22,normalized_exact
117,Simon Emil Ammitzbøll-Bille,Simon Emil Ammitzbøll-Bille,Liberal Alliance,FV19,normalized_exact
208,Simon Kollerup,Simon Kollerup,Socialdemokratiet,FV11,normalized_exact
208,Simon Kollerup,Simon Kollerup,Socialdemokratiet,FV15,normalized_exact
208,Simon Kollerup,Simon Kollerup,Socialdemokratiet,FV19,normalized_exact
208,Simon Kollerup,Simon Kollerup,Socialdemokratiet,FV22,normalized_exact
100,Sofie Carsten Nielsen,Sofie Carsten Nielsen,Radikale Venstre,FV11,normalized_exact
100,Sofie Carsten Nielsen,Sofie Carsten Nielsen,Radikale Venstre,FV15,normalized_exact
100,Sofie Carsten Nielsen,Sofie Carsten Nielsen,Radikale Venstre,FV19,normalized_exact
100,Sofie Carsten Nielsen,Sofie Carsten Nielsen,Radikale Venstre,FV22,normalized_exact
20360,Sofie Lippert,Sofie Lippert,SF - Socialistisk Folkeparti,FV22,normalized_exact
351,Sophie Hæstorp Andersen,Sophie Hæstorp Andersen,Socialdemokratiet,FV11,normalized_exact
130,Sophie Løhde,Sophie Løhde,"Venstre, Danmarks Liberale Parti",FV11,normalized_exact
130,Sophie Løhde,Sophie Løhde,"Venstre, Danmarks Liberale Parti",FV15,normalized_exact
130,Sophie Løhde,Sophie Løhde,"Venstre, Danmarks Liberale Parti",FV19,normalized_exact
130,Sophie Løhde,Sophie Løhde,"Venstre, Danmarks Liberale Parti",FV22,normalized_exact
95,Steen Gade,Steen Gade,SF - Socialistisk Folkeparti,FV11,normalized_exact
95,Steen Gade,Steen Gade,SF - Socialistisk Folkeparti,FV15,normalized_exact
21338,Steffen Holme Helledie,Steffen Holme Helledie,Radikale Venstre,FV22,normalized_exact
20397,Steffen Larsen,Steffen Larsen,Liberal Alliance,FV19,normalized_exact
20397,Steffen Larsen,Steffen Larsen,Liberal Alliance,FV22,normalized_exact
122,Stine Brix,Stine Brix,Enhedslisten - De Rød-Grønne,FV11,normalized_exact
122,Stine Brix,Stine Brix,Enhedslisten - De Rød-Grønne,FV15,normalized_exact
19748,Stine Pilt Olsen,Stine Pilt Olsen,Det Konservative Folkeparti,FV19,normalized_exact
19748,Stine Pilt Olsen,Stine Pilt Olsen,Det Konservative Folkeparti,FV22,normalized_exact
18726,Stinus Lindgreen,Stinus Lindgreen,Radikale Venstre,FV19,normalized_exact
18726,Stinus Lindgreen,Stinus Lindgreen,Radikale Venstre,FV22,normalized_exact
18697,Stén Knuth,Stén Knuth,"Venstre, Danmarks Liberale Parti",FV19,normalized_exact
18697,Stén Knuth,Stén Knuth,"Venstre, Danmarks Liberale Parti",FV22,normalized_exact
19475,Susan Kronborg,Susan Kronborg,Radikale Venstre,FV19,normalized_exact
19475,Susan Kronborg,Susan Kronborg,Radikale Venstre,FV22,normalized_exact
14372,Susanne Eilersen (udpeget af DF),Susanne Eilersen,Dansk Folkeparti,FV11,normalized_exact
14372,Susanne Eilersen (udpeget af DF),Susanne Eilersen,Dansk Folkeparti,FV15,normalized_exact
14372,Susanne Eilersen (udpeget af DF),Susanne Eilersen,Dansk Folkeparti,FV19,normalized_exact
18692,Susanne Zimmer,Susanne Zimmer,Alternativet,FV19,normalized_exact
18692,Susanne Zimmer,Susanne Zimmer,Frie Grønne,FV22,normalized_exact
20373,Susie Jessen,Susie Jessen,Danmarksdemokraterne ‒ Inger Støjberg,FV22,normalized_exact
20391,Sólbjørg Jakobsen,Sólbjørg Jakobsen,Liberal Alliance,FV22,normalized_exact
667,Søren Egge Rasmussen,Søren Egge Rasmussen,Enhedslisten - De Rød-Grønne,FV11,normalized_exact
667,Søren Egge Rasmussen,Søren Egge Rasmussen,Enhedslisten - De Rød-Grønne,FV15,normalized_exact
667,Søren Egge Rasmussen,Søren Egge Rasmussen,Enhedslisten - De Rød-Grønne,FV19,normalized_exact
667,Søren Egge Rasmussen,Søren Egge Rasmussen,Enhedslisten – De Rød-Grønne,FV22,normalized_exact
34,Søren Espersen,Søren Espersen,Dansk Folkeparti,FV11,normalized_exact
34,Søren Espersen,Søren Espersen,Dansk Folkeparti,FV15,normalized_exact
34,Søren Espersen,Søren Espersen,Dansk Folkeparti,FV19,normalized_exact
34,Søren Espersen,Søren Espersen,Danmarksdemokraterne ‒ Inger Støjberg,FV22,normalized_exact
1845,Søren Gade,Søren Gade,"Venstre, Danmarks Liberale Parti",FV15,normalized_exact
1845,Søren Gade,Søren Gade,"Venstre, Danmarks Liberale Parti",FV22,normalized_exact
15784,Søren Pape Poulsen,Søren Pape Poulsen,Det Konservative Folkeparti,FV19,normalized_exact
15784,Søren Pape Poulsen,Søren Pape Poulsen,Det Konservative Folkeparti,FV22,normalized_exact
132,Søren Pind,Søren Pind,"Venstre, Danmarks Liberale Parti",FV15,normalized_exact
176,Søren Søndergaard,Søren Søndergaard,Enhedslisten - De Rød-Grønne,FV15,normalized_exact
176,Søren Søndergaard,Søren Søndergaard,Enhedslisten - De Rød-Grønne,FV19,normalized_exact
176,Søren Søndergaard,Søren Søndergaard,Enhedslisten – De Rød-Grønne,FV22,normalized_exact
18882,Tanja Larsson,Tanja Larsson,Socialdemokratiet,FV19,normalized_exact
18882,Tanja Larsson,Tanja Larsson,Socialdemokratiet,FV22,normalized_exact
20051,Theis Kylling Hommeltoft,Theis Kylling Hommeltoft,Socialdemokratiet,FV19,normalized_exact
20051,Theis Kylling Hommeltoft,Theis Kylling Hommeltoft,Socialdemokratiet,FV22,normalized_exact
19000,Theresa Berg Andersen,Theresa Berg Andersen,SF - Socialistisk Folkeparti,FV19,normalized_exact
19000,Theresa Berg Andersen,Theresa Berg Andersen,SF - Socialistisk Folkeparti,FV22,normalized_exact
20354,Theresa Scavenius,Theresa Scavenius,Alternativet,FV19,normalized_exact
139,Thomas Danielsen,Thomas Danielsen,"Venstre, Danmarks Liberale Parti",FV15,normalized_exact
139,Thomas Danielsen,Thomas Danielsen,"Venstre, Danmarks Liberale Parti",FV22,normalized_exact
201,Thomas Jensen,Thomas Jensen,Socialdemokratiet,FV11,normalized_exact
201,Thomas Jensen,Thomas Jensen,Socialdemokratiet,FV15,normalized_exact
201,Thomas Jensen,Thomas Jensen,Socialdemokratiet,FV19,normalized_exact
201,Thomas Jensen,Thomas Jensen,Socialdemokratiet,FV22,normalized_exact
21337,Thomas Klimek,Thomas Klimek,SF - Socialistisk Folkeparti,FV15,normalized_exact
20362,Thomas Monberg,Thomas Monberg,Socialdemokratiet,FV22,normalized_exact
21380,Thomas Rohden,Thomas Rohden,Radikale Venstre,FV22,normalized_exact
20366,Thomas Skriver Jensen,Thomas Skriver Jensen,Socialdemokratiet,FV22,normalized_exact
21345,Thorbjørn Jacobsen,Thorbjørn Jacobsen,Liberal Alliance,FV22,normalized_exact
21083,Thorkild Holmboe-Hay,Thorkild Holmboe-Hay,Socialdemokratiet,FV22,normalized_exact
190,Thyra Frank,Thyra Frank,Liberal Alliance,FV11,normalized_exact
190,Thyra Frank,Thyra Frank,Liberal Alliance,FV15,normalized_exact
15780,Tilde Bork,Tilde Bork,Dansk Folkeparti,FV15,normalized_exact
17827,Tina Boel,Tina Boel,SF - Socialistisk Folkeparti,FV15,normalized_exact
20917,Tina Cartey Hansen,Tina Cartey Hansen,Det Konservative Folkeparti,FV22,normalized_exact
279,Tina Nedergaard,Tina Nedergaard,"Venstre, Danmarks Liberale Parti",FV11,normalized_exact
279,Tina Nedergaard,Tina Nedergaard,"Venstre, Danmarks Liberale Parti",FV15,normalized_exact
20379,Tobias Grotkjær Elmstrøm,Tobias Grotkjær Elmstrøm,Moderaterne,FV22,normalized_exact
71,Tom Behnke,Tom Behnke,Det Konservative Folkeparti,FV11,normalized_exact
17990,Tommy Ahlers,Tommy Ahlers,"Venstre, Danmarks Liberale Parti",FV19,normalized_exact
288,Torben Hansen (udpeget af S),Torben Hansen,Socialdemokratiet,FV11,normalized_exact
288,Torben Hansen (udpeget af S),Torben Hansen,SF - Socialistisk Folkeparti,FV11,normalized_exact
15775,Torsten Gejl,Torsten Gejl,Alternativet,FV15,normalized_exact
15775,Torsten Gejl,Torsten Gejl,Alternativet,FV19,normalized_exact
15775,Torsten Gejl,Torsten Gejl,Alternativet,FV22,normalized_exact
80,Torsten Schack Pedersen,Torsten Schack Pedersen,"Venstre, Danmarks Liberale Parti",FV11,normalized_exact
80,Torsten Schack Pedersen,Torsten Schack Pedersen,"Venstre, Danmarks Liberale Parti",FV15,normalized_exact
80,Torsten Schack Pedersen,Torsten Schack Pedersen,"Venstre, Danmarks Liberale Parti",FV19,normalized_exact
80,Torsten Schack Pedersen,Torsten Schack Pedersen,"Venstre, Danmarks Liberale Parti",FV22,normalized_exact
118,Trine Bramsen,Trine Bramsen,Socialdemokratiet,FV11,normalized_exact
118,Trine Bramsen,Trine Bramsen,Socialdemokratiet,FV15,normalized_exact
118,Trine Bramsen,Trine Bramsen,Socialdemokratiet,FV19,normalized_exact
118,Trine Bramsen,Trine Bramsen,Socialdemokratiet,FV22,normalized_exact
109,Trine Pertou Mach,Trine Pertou Mach,Enhedslisten – De Rød-Grønne,FV22,normalized_exact
15794,Trine Torp,Trine Torp,SF - Socialistisk Folkeparti,FV15,normalized_exact
15794,Trine Torp,Trine Torp,SF - Socialistisk Folkeparti,FV19,normalized_exact
206,Troels Lund Poulsen,Troels Lund Poulsen,"Venstre, Danmarks Liberale Parti",FV11,normalized_exact
206,Troels Lund Poulsen,Troels Lund Poulsen,"Venstre, Danmarks Liberale Parti",FV15,normalized_exact
206,Troels Lund Poulsen,Troels Lund Poulsen,"Venstre, Danmarks Liberale Parti",FV19,normalized_exact
206,Troels Lund Poulsen,Troels Lund Poulsen,"Venstre, Danmarks Liberale Parti",FV22,normalized_exact
84,Troels Ravn,Troels Ravn,Socialdemokratiet,FV11,normalized_exact
84,Troels Ravn,Troels Ravn,Socialdemokratiet,FV15,normalized_exact
84,Troels Ravn,Troels Ravn,Socialdemokratiet,FV19,normalized_exact
225,Uffe Elbæk,Uffe Elbæk,Radikale Venstre,FV11,normalized_exact
225,Uffe Elbæk,Uffe Elbæk,Alternativet,FV15,normalized_exact
225,Uffe Elbæk,Uffe Elbæk,Alternativet,FV19,normalized_exact
15772,Ulla Sandbæk,Ulla Sandbæk,Alternativet,FV15,normalized_exact
15772,Ulla Sandbæk,Ulla Sandbæk,Alternativet,FV22,normalized_exact
296,Ulla Tørnæs,Ulla Tørnæs,"Venstre, Danmarks Liberale Parti",FV11,normalized_exact
296,Ulla Tørnæs,Ulla Tørnæs,"Venstre, Danmarks Liberale Parti",FV19,normalized_exact
21359,Ulrik Knudsen,Ulrik Knudsen,Danmarksdemokraterne ‒ Inger Støjberg,FV22,normalized_exact
155,Villum Christensen,Villum Christensen,Liberal Alliance,FV11,normalized_exact
155,Villum Christensen,Villum Christensen,Liberal Alliance,FV15,normalized_exact
1619,Yildiz Akdogan,Yildiz Akdogan,Socialdemokratiet,FV15,normalized_exact
1619,Yildiz Akdogan,Yildiz Akdogan,Socialdemokratiet,FV19,normalized_exact
1619,Yildiz Akdogan,Yildiz Akdogan,Socialdemokratiet,FV22,normalized_exact
191,Zenia Stampe,Zenia Stampe,Radikale Venstre,FV11,normalized_exact
191,Zenia Stampe,Zenia Stampe,Radikale Venstre,FV15,normalized_exact
191,Zenia Stampe,Zenia Stampe,Radikale Venstre,FV19,normalized_exact
191,Zenia Stampe,Zenia Stampe,Radikale Venstre,FV22,normalized_exact
85,Özlem Sara Cekic,Özlem Sara Cekic,SF - Socialistisk Folkeparti,FV11,normalized_exact
85,Özlem Sara Cekic,Özlem Sara Cekic,SF - Socialistisk Folkeparti,FV15,normalized_exact
17963,Øjvind Vilsholm,Øjvind Vilsholm,Enhedslisten - De Rød-Grønne,FV11,normalized_exact
17963,Øjvind Vilsholm,Øjvind Vilsholm,Enhedslisten - De Rød-Grønne,FV19,normalized_exact
17963,Øjvind Vilsholm,Øjvind Vilsholm,Enhedslisten – De Rød-Grønne,FV22,normalized_exact
20375,Charlotte Munch Pasler,Charlotte Munch,"Venstre, Danmarks Liberale Parti",FV19,manual
20375,Charlotte Munch Pasler,Charlotte Munch,Danmarksdemokraterne ‒ Inger Støjberg,FV22,manual
20925,Dina Raabjerg,Dina Myrup Raabjerg,Det Konservative Folkeparti,FV22,manual
20352,Helene Brydensholt,Helene Liliendahl Brydensholt,Alternativet,FV22,manual
21343,Katrine Evelyn Jensen,Kathrine Jensen,SF - Socialistisk Folkeparti,FV15,manual
217,Lars Christian Lilleholt,Lars Chr. Lilleholt,"Venstre, Danmarks Liberale Parti",FV11,manual
217,Lars Christian Lilleholt,Lars Chr. Lilleholt,"Venstre, Danmarks Liberale Parti",FV15,manual
217,Lars Christian Lilleholt,Lars Chr. Lilleholt,"Venstre, Danmarks Liberale Parti",FV19,manual
217,Lars Christian Lilleholt,Lars Chr. Lilleholt,"Venstre, Danmarks Liberale Parti",FV22,manual
93,Louise Elholm,Louise Schack Elholm,"Venstre, Danmarks Liberale Parti",FV11,manual
93,Louise Elholm,Louise Schack Elholm,"Venstre, Danmarks Liberale Parti",FV15,manual
93,Louise Elholm,Louise Schack Elholm,"Venstre, Danmarks Liberale Parti",FV19,manual
93,Louise Elholm,Louise Schack Elholm,"Venstre, Danmarks Liberale Parti",FV22,manual
20390,Mike Villa Fonseca,Mike Fonseca,Moderaterne,FV22,manual
15799,Roger Courage Matthisen,Roger Matthisen,Alternativet,FV15,manual
21371,Sinem Dybvad Demir,Sinem Demir,Enhedslisten - De Rød-Grønne,FV19,manual
21371,Sinem Dybvad Demir,Sinem Demir,Enhedslisten – De Rød-Grønne,FV22,manual
21365,Sofie F. Villadsen,Sofie Falck Villadsen,SF - Socialistisk Folkeparti,FV22,manual
20394,Steffen W. Frølund,Steffen Frølund,Liberal Alliance,FV22,manual
9780,Tórbjørn Jacobsen,Thorbjørn Jacobsen,Liberal Alliance,FV22,manual
18694,Victoria Velasquez,Victoria Velásquez,Enhedslisten - De Rød-Grønne,FV19,manual
18694,Victoria Velasquez,Victoria Velásquez,Enhedslisten – De Rød-Grønne,FV22,manual
