sagid,emneordid,emneord
12979,33488,international beskatning 
12981,50434,tilskud og udligning
12983,33488,international beskatning 
12991,33344,arbejdsmarkedspolitik og beskæftigelsesindsats
12992,33406,arbejdsret og overenskomster
12998,33467,fiskeri og havbrug
12999,33333,landbrug
13005,33084,konkurrence- og forbrugerforhold
13007,83903,patent- og varemærkning
13015,33133,erhvervsuddannelser
20246,34591,selskaber og fonde
1449,33754,virksomhedsskat
12715,33332,energiafgifter 
12984,33337,moms 
12984,33302,skattekontrol
12985,33709,beskatning af aktier
12985,33337,moms 
12985,33064,selskabsskatter 
12985,33302,skattekontrol
12994,33643,sygefravær og sygedagpenge
13008,34591,selskaber og fonde
12997,33333,landbrug
20242,34257,fonds- og foreningsbeskatning
20242,33301,inddrivelse
13004,34616,turisme og oplevelsesøkonomi
12713,33217,finanspolitik
12714,33217,finanspolitik
12990,33339,jagt- og vildtforvaltning
12993,33638,faste forbindelser
13009,33860,kunstneriske uddannelser
19585,33805,byfornyelse
20248,33290,alternative og vedvarende energikilder
21904,33344,arbejdsmarkedspolitik og beskæftigelsesindsats
13002,33059,energipolitik og energieffektivitet
13011,83599,ungdoms- og efterskoler
20245,33808,boliger til særlige grupper
20249,33179,olie- og naturgasindvinding
21437,34414,arbejdsmarkedspensioner 
21436,33278,indvandrere og integration
21430,33671,voksen- og efteruddannelse
21903,33344,arbejdsmarkedspolitik og beskæftigelsesindsats
21432,33344,arbejdsmarkedspolitik og beskæftigelsesindsats
21428,33671,voksen- og efteruddannelse
21433,33088,finansiel virksomhed
12710,33217,finanspolitik
12980,33488,international beskatning 
12982,33488,international beskatning 
12996,33164,politi og retsvæsen
13000,33247,civilret
21320,33133,erhvervsuddannelser
21320,33322,uddannelsesstøtte
21423,33104,flygtninge og asylansøgere
21604,33141,naturbeskyttelse og kystsikring
21810,33751,færdselsret
21811,33751,færdselsret
21898,33054,indfødsrets og naturalisering
21899,33337,moms 
21980,33343,arbejdsløshedsforsikring og dagpenge
21901,33301,inddrivelse
21902,33301,inddrivelse
21900,33331,motorkøretøjer
20241,33054,indfødsrets og naturalisering
21327,83610,regnskab og revision
21420,33079,administration
21601,33055,arbejdsmiljø og arbejdsskader
21602,33406,arbejdsret og overenskomster
21317,33364,jernbaneinfrastruktur
21319,33364,jernbaneinfrastruktur
21429,33311,vejinfrastruktur
21799,33356,international ret og menneskerettigheder
21852,33206,miljøpolitik og miljøbeskyttelse
21858,33727,folkekirken
21860,33343,arbejdsløshedsforsikring og dagpenge
21318,33348,strafferet og kriminalitet
21315,33530,byråd og regionsråd
21424,33751,færdselsret
21425,33206,miljøpolitik og miljøbeskyttelse
21606,33141,naturbeskyttelse og kystsikring
21606,33970,råstoffer og skovbrug
21796,33362,boligpolitik
21793,33141,naturbeskyttelse og kystsikring
21850,35207,kursgevinstbeskatning
21859,33344,arbejdsmarkedspolitik og beskæftigelsesindsats
21982,33362,boligpolitik
21984,33362,boligpolitik
21861,33341,kontanthjælp og uddannelseshjælp
21986,33217,finanspolitik
21706,33104,flygtninge og asylansøgere
21853,33088,finansiel virksomhed
21854,33088,finansiel virksomhed
21979,33211,sport og idræt
22036,33520,rygning og rusmiddelbrug
22037,33088,finansiel virksomhed
22146,33653,kunstneriske og maritime uddannelser
22157,62370,produktsikkerhed og autorisation
21431,33068,rejser og besøg
21605,33830,erhvervsudlejning
21798,33753,forskning og innovation
21794,83903,patent- og varemærkning
21855,33190,familieret
21855,33460,udsatte børn og unge
22155,33179,olie- og naturgasindvinding
22156,33568,social service
22156,33460,udsatte børn og unge
22149,33337,moms 
22145,33054,indfødsrets og naturalisering
22271,33340,lægemidler og apoteker
22604,33081,valg og folkeafstemninger
21797,33753,forskning og innovation
21985,33333,landbrug
21985,34260,natur og miljø
22267,33311,vejinfrastruktur
22274,33254,psykiatri
22608,33364,jernbaneinfrastruktur
22609,33638,faste forbindelser
22610,33638,faste forbindelser
22612,33466,energiforsyning
22613,33466,energiforsyning
22781,33581,færgefart
22781,33425,kommuner
13014,33340,lægemidler og apoteker
22152,33190,familieret
22154,33206,miljøpolitik og miljøbeskyttelse
22270,33205,dyr og dyrevelfærd
22506,33362,boligpolitik
22618,33556,sociale ydelser
22605,33356,international ret og menneskerettigheder
22614,33088,finansiel virksomhed
22607,33206,miljøpolitik og miljøbeskyttelse
22784,33808,boliger til særlige grupper
22870,33450,fysisk planlægning
22611,33205,dyr og dyrevelfærd
22871,33249,vederlag mv. til medlemmer og ministre 
22873,33290,alternative og vedvarende energikilder
22947,33590,byggeri
22951,33120,socialpolitik
22954,33563,udviklingssamarbejde og humanitær bistand
22159,33061,økonomi og finans
22148,33318,folkeskolen
22148,33921,frie grundskoler
22505,33155,udsatte voksne
22606,33332,energiafgifter 
22606,33337,moms 
22616,33987,erhvervsdrivende virksomhed
22615,33169,it og teleforsyning
22783,33364,jernbaneinfrastruktur
22955,33853,"arkiver, biblioteker og museer"
22948,33987,erhvervsdrivende virksomhed
22948,33088,finansiel virksomhed
22957,34269,undervisning til unge med særlige behov
23127,33469,Udlændingestyrelsen
22946,33590,byggeri
22619,33316,erhvervsakademier og professionshøjskoler
22272,33155,udsatte voksne
27706,33833,erhverv og arbejdsmarked
27717,33301,inddrivelse
27720,33059,energipolitik og energieffektivitet
27729,33104,flygtninge og asylansøgere
28071,33088,finansiel virksomhed
28412,33104,flygtninge og asylansøgere
27725,33833,erhverv og arbejdsmarked
22945,33638,faste forbindelser
22958,33318,folkeskolen
27237,33278,indvandrere og integration
27238,33061,økonomi og finans
27241,33064,selskabsskatter 
27242,33066,børne- og ungeydelse
28069,33088,finansiel virksomhed
27713,33500,spil
27715,33500,spil
27724,33361,efterretningstjeneste og sikkerhedspolitik
27718,33367,afstemninger
27718,33101,forbehold
27718,33102,retlige anliggender
27722,33361,efterretningstjeneste og sikkerhedspolitik
22944,33638,faste forbindelser
27704,33508,ligebehandling
27709,33217,finanspolitik
27712,33217,finanspolitik
27723,33311,vejinfrastruktur
27732,33190,familieret
28064,33051,EU
28067,33054,indfødsrets og naturalisering
28068,33712,vækst og konkurrenceevne
67309,33104,flygtninge og asylansøgere
27733,33190,familieret
27733,33595,socialforvaltning og retssikkerhed
27727,33052,retspleje og domstole
27730,33111,PET og terrorbekæmpelse
27703,33344,arbejdsmarkedspolitik og beskæftigelsesindsats
27705,33344,arbejdsmarkedspolitik og beskæftigelsesindsats
28180,33071,folkepension og førtidspension
28313,33319,gymnasiale uddannelser
28312,33445,ejer- og andelsboliger
27734,33081,valg og folkeafstemninger
27716,33217,finanspolitik
27731,33104,flygtninge og asylansøgere
27955,33290,alternative og vedvarende energikilder
28302,33072,fødevarer
28304,33070,aktivering og jobformidling
28466,33343,arbejdsløshedsforsikring og dagpenge
27711,33302,skattekontrol
27708,33488,international beskatning 
28059,33344,arbejdsmarkedspolitik og beskæftigelsesindsats
28061,33067,videregående uddannelse
28070,33895,lufttrafik
28182,33147,sundhedsfremme og sygdomsforebyggelse
28309,35207,kursgevinstbeskatning
28305,33302,skattekontrol
28311,35208,praksissektoren og kommunale sundhedsordninger
28311,33147,sundhedsfremme og sygdomsforebyggelse
28303,33643,sygefravær og sygedagpenge
28401,33331,motorkøretøjer
28404,33103,personskatter
27710,33329,beskatning af fast ejendom 
27719,33059,energipolitik og energieffektivitet
28181,33164,politi og retsvæsen
28310,33129,handel og eksport
28315,33059,energipolitik og energieffektivitet
28405,35371,indfødsretsprøve
28406,33921,frie grundskoler
28471,33331,motorkøretøjer
67380,33326,familiesammenføring
67380,33104,flygtninge og asylansøgere
67552,33344,arbejdsmarkedspolitik og beskæftigelsesindsats
67920,33054,indfødsrets og naturalisering
28065,33486,sundhed og sociale forhold
67919,33054,indfødsrets og naturalisering
28308,33473,vand- og havmiljø
28402,33744,punktafgifter
27728,33111,PET og terrorbekæmpelse
67310,33104,flygtninge og asylansøgere
67383,33190,familieret
67551,33584,køn og ligestillingsvurdering
67558,33355,vandforsyning
28400,33332,energiafgifter 
67560,33059,energipolitik og energieffektivitet
28403,33333,landbrug
67371,62455,kunstig befrugtning
67376,33292,DSB
67557,33290,alternative og vedvarende energikilder
67561,33290,alternative og vedvarende energikilder
28185,33052,retspleje og domstole
28316,33052,retspleje og domstole
46075,33336,sygehuse og akutberedskab
67378,33856,kriminalforsorg og afsoning
67378,33111,PET og terrorbekæmpelse
67377,33856,kriminalforsorg og afsoning
67377,33111,PET og terrorbekæmpelse
67375,33856,kriminalforsorg og afsoning
67553,33987,erhvervsdrivende virksomhed
67555,33103,personskatter
67554,33329,beskatning af fast ejendom 
67556,33052,retspleje og domstole
67802,33570,ældre
67881,33362,boligpolitik
67971,33341,kontanthjælp og uddannelseshjælp
67875,33406,arbejdsret og overenskomster
67768,33217,finanspolitik
67384,33333,landbrug
67731,33088,finansiel virksomhed
67876,33520,rygning og rusmiddelbrug
67880,33054,indfødsrets og naturalisering
68224,33344,arbejdsmarkedspolitik og beskæftigelsesindsats
67370,62402,ophavsret
67379,33751,færdselsret
67734,34143,told
67729,33590,byggeri
67878,33051,EU
67877,33104,flygtninge og asylansøgere
68068,33568,social service
68063,33048,patientrettigheder og patientsikkerhed
68060,33301,inddrivelse
68252,33568,social service
68251,33081,valg og folkeafstemninger
67733,33190,familieret
67879,33110,politi og våben
68066,34097,sø- og skibsfart
68232,33322,uddannelsesstøtte
68234,33067,videregående uddannelse
68238,33753,forskning og innovation
68384,33206,miljøpolitik og miljøbeskyttelse
68679,33466,energiforsyning
69219,33290,alternative og vedvarende energikilder
68065,33206,miljøpolitik og miljøbeskyttelse
68241,33301,inddrivelse
68249,34097,sø- og skibsfart
68243,33751,færdselsret
68250,33438,forvaltningsret og persondata
68246,33443,etik og forskning
68248,33253,sygdomme og sygdomsbehandling
68382,33071,folkepension og førtidspension
68383,33088,finansiel virksomhed
69340,33103,personskatter
69341,33103,personskatter
68244,33520,rygning og rusmiddelbrug
68385,33206,miljøpolitik og miljøbeskyttelse
68236,33067,videregående uddannelse
28183,33164,politi og retsvæsen
67730,33056,kollektiv transport
68655,33855,råstoffer og udvinding
68655,33486,sundhed og sociale forhold
68662,33120,socialpolitik
68662,33460,udsatte børn og unge
69140,34582,skifteret og konkurs
69216,33856,kriminalforsorg og afsoning
67985,33438,forvaltningsret og persondata
68230,33257,internationale organisationer
69560,33348,strafferet og kriminalitet
69561,33348,strafferet og kriminalitet
68245,33895,lufttrafik
68237,33311,vejinfrastruktur
68233,33222,medier
69554,33751,færdselsret
69555,33751,færdselsret
68663,33120,socialpolitik
68663,33460,udsatte børn og unge
69215,33856,kriminalforsorg og afsoning
68691,33331,motorkøretøjer
68691,33103,personskatter
28306,33136,miljø- og genteknologi
68658,33833,erhverv og arbejdsmarked
68660,33362,boligpolitik
68660,33805,byfornyelse
68689,33520,rygning og rusmiddelbrug
68850,33256,ophold og visum
68954,33290,alternative og vedvarende energikilder
69056,33054,indfødsrets og naturalisering
69214,34269,undervisning til unge med særlige behov
69217,33104,flygtninge og asylansøgere
69218,33278,indvandrere og integration
69641,33326,familiesammenføring
69642,33278,indvandrere og integration
68799,33278,indvandrere og integration
68242,33709,beskatning af aktier
68247,33205,dyr og dyrevelfærd
68661,33362,boligpolitik
68659,33088,finansiel virksomhed
68953,33466,energiforsyning
69055,33455,kulturarv og bygningsbevaring
68681,33047,sundhedspolitik og sundhedsøkonomi
70410,33088,finansiel virksomhed
68693,33833,erhverv og arbejdsmarked
68956,33344,arbejdsmarkedspolitik og beskæftigelsesindsats
69116,33581,færgefart
69139,33425,kommuner
70269,83608,Flygtningenævnet
68955,33344,arbejdsmarkedspolitik og beskæftigelsesindsats
69145,33343,arbejdsløshedsforsikring og dagpenge
69143,33343,arbejdsløshedsforsikring og dagpenge
69144,33048,patientrettigheder og patientsikkerhed
70235,33344,arbejdsmarkedspolitik og beskæftigelsesindsats
70272,33568,social service
70273,33431,folkeregistret og borgerservice
70270,33120,socialpolitik
70268,33077,udvalgsarbejde og -meddelelser
70267,33054,indfødsrets og naturalisering
70262,34591,selskaber og fonde
70264,33129,handel og eksport
70252,33090,hjemmeværnet
70236,33216,finansielle forhold
70236,33217,finanspolitik
70238,33216,finansielle forhold
70238,33217,finanspolitik
70241,33405,selvstyreordningen og Rigsfællesskabet
70259,33052,retspleje og domstole
70687,33343,arbejdsløshedsforsikring og dagpenge
70698,33169,it og teleforsyning
70714,33486,sundhed og sociale forhold
71022,34169,dag- og klubtilbud
71023,34169,dag- og klubtilbud
71139,33987,erhvervsdrivende virksomhed
70254,34252,formueret og tinglysning
70261,33110,politi og våben
70261,33348,strafferet og kriminalitet
70258,33052,retspleje og domstole
70265,33987,erhvervsdrivende virksomhed
70253,62429,kirkelige handlinger og ritualer
70249,33921,frie grundskoler
71384,33568,social service
70688,33344,arbejdsmarkedspolitik og beskæftigelsesindsats
70701,33290,alternative og vedvarende energikilder
70226,33217,finanspolitik
70244,83686,Det Økonomiske Råd
70544,33054,indfødsrets og naturalisering
70689,33141,naturbeskyttelse og kystsikring
70691,33205,dyr og dyrevelfærd
70695,33047,sundhedspolitik og sundhedsøkonomi
70707,33638,faste forbindelser
70713,33338,kulturelle og religiøse forhold
70716,33323,udvisning og repatriering
70867,33343,arbejdsløshedsforsikring og dagpenge
70871,33466,energiforsyning
70242,34063,klageinstanser og klagesager
70242,35171,omkostningsgodtgørelse
70237,33473,vand- og havmiljø
70246,33340,lægemidler og apoteker
70543,33450,fysisk planlægning
70547,33072,fødevarer
70546,33147,sundhedsfremme og sygdomsforebyggelse
70709,33751,færdselsret
70703,33067,videregående uddannelse
70694,33047,sundhedspolitik og sundhedsøkonomi
70804,33256,ophold og visum
70692,33833,erhverv og arbejdsmarked
70699,33562,udviklingsbistand
70705,33693,veteraner
70712,33111,PET og terrorbekæmpelse
70868,33671,voksen- og efteruddannelse
70869,33921,frie grundskoler
70870,33671,voksen- og efteruddannelse
70872,33290,alternative og vedvarende energikilder
70872,33466,energiforsyning
70545,33856,kriminalforsorg og afsoning
70697,33319,gymnasiale uddannelser
70696,33319,gymnasiale uddannelser
70704,33624,geodata og kort
70702,33624,geodata og kort
70711,33348,strafferet og kriminalitet
70805,33161,militært materiel
70806,33133,erhvervsuddannelser
71429,33329,beskatning af fast ejendom 
71430,33329,beskatning af fast ejendom 
70905,33331,motorkøretøjer
71013,33120,socialpolitik
70548,33205,dyr og dyrevelfærd
70690,33206,miljøpolitik og miljøbeskyttelse
70708,33164,politi og retsvæsen
70718,33431,folkeregistret og borgerservice
71347,33070,aktivering og jobformidling
71350,83650,Udlændingenævnet
70719,33256,ophold og visum
70720,33120,socialpolitik
70715,33568,social service
70723,33425,kommuner
70710,33438,forvaltningsret og persondata
71012,33048,patientrettigheder og patientsikkerhed
71353,33048,patientrettigheder og patientsikkerhed
71349,33103,personskatter
71351,33103,personskatter
71352,33329,beskatning af fast ejendom 
71342,33348,strafferet og kriminalitet
71341,33318,folkeskolen
71513,33205,dyr og dyrevelfærd
71579,33216,finansielle forhold
70271,33051,EU
70717,33338,kulturelle og religiøse forhold
71340,33311,vejinfrastruktur
71750,33256,ophold og visum
71755,33753,forskning og innovation
71756,33169,it og teleforsyning
71970,33070,aktivering og jobformidling
72009,33164,politi og retsvæsen
72010,33362,boligpolitik
72010,33590,byggeri
72015,33051,EU
72545,33445,ejer- og andelsboliger
70411,33129,handel og eksport
71343,84066,dagtilbud
71512,33507,internationale forhold
71511,33987,erhvervsdrivende virksomhed
71753,33753,forskning og innovation
71752,33318,folkeskolen
72016,33375,ligestilling og barsel
72138,33362,boligpolitik
72141,33301,inddrivelse
72014,33625,satspulje
72136,33833,erhverv og arbejdsmarked
72143,33136,miljø- og genteknologi
72425,33727,folkekirken
72428,33222,medier
72430,33278,indvandrere og integration
72659,33051,EU
72674,34591,selskaber og fonde
70245,34257,fonds- og foreningsbeskatning
71346,33206,miljøpolitik og miljøbeskyttelse
72012,33348,strafferet og kriminalitet
72013,33048,patientrettigheder og patientsikkerhed
72011,33853,"arkiver, biblioteker og museer"
72139,33089,universiteter
73132,33751,færdselsret
73133,33751,færdselsret
72134,33361,efterretningstjeneste og sikkerhedspolitik
72661,33051,EU
73225,33337,moms 
73225,83856,tinglysningsafgift 
73226,33079,administration
71344,33249,vederlag mv. til medlemmer og ministre 
72257,33071,folkepension og førtidspension
72432,33104,flygtninge og asylansøgere
72433,33205,dyr og dyrevelfærd
72540,33333,landbrug
72542,33326,familiesammenføring
72543,33326,familiesammenføring
72663,33120,socialpolitik
72664,33120,socialpolitik
72675,33469,Udlændingestyrelsen
73008,33343,arbejdsløshedsforsikring og dagpenge
71751,33936,syn og motorkøretøjer
73223,33110,politi og våben
72140,33751,færdselsret
72424,33086,transportpolitik
73332,35208,praksissektoren og kommunale sundhedsordninger
73333,35208,praksissektoren og kommunale sundhedsordninger
72666,33190,familieret
72666,33120,socialpolitik
72665,33190,familieret
72665,33120,socialpolitik
71387,33249,vederlag mv. til medlemmer og ministre 
72422,33088,finansiel virksomhed
72438,33455,kulturarv og bygningsbevaring
72815,33088,finansiel virksomhed
73012,33052,retspleje og domstole
73017,33581,færgefart
73018,33425,kommuner
71749,33450,fysisk planlægning
71819,33081,valg og folkeafstemninger
71820,33081,valg og folkeafstemninger
72135,33425,kommuner
73452,33052,retspleje og domstole
73453,33052,retspleje og domstole
72423,33088,finansiel virksomhed
72544,33482,kommunal og regional økonomi
72544,33425,kommuner
72667,33110,politi og våben
73007,33348,strafferet og kriminalitet
73006,33052,retspleje og domstole
71754,33206,miljøpolitik og miljøbeskyttelse
71754,33141,naturbeskyttelse og kystsikring
72429,33190,familieret
72816,33104,flygtninge og asylansøgere
72890,33054,indfødsrets og naturalisering
72150,33278,indvandrere og integration
70409,33088,finansiel virksomhed
71348,33103,personskatter
71345,33473,vand- og havmiljø
72431,33568,social service
72427,33129,handel og eksport
72676,33104,flygtninge og asylansøgere
72677,33104,flygtninge og asylansøgere
72672,33290,alternative og vedvarende energikilder
72668,34114,afgift af dødsboer og gaver 
73016,33754,virksomhedsskat
73014,33103,personskatter
73013,33500,spil
73106,33595,socialforvaltning og retssikkerhed
73162,33466,energiforsyning
72447,33278,indvandrere og integration
72662,33319,gymnasiale uddannelser
72679,33348,strafferet og kriminalitet
73101,33253,sygdomme og sygdomsbehandling
73120,33462,sundhedspersonale og autorisation
74590,33290,alternative og vedvarende energikilder
74591,33290,alternative og vedvarende energikilder
72673,33089,universiteter
72671,33254,psykiatri
73019,33133,erhvervsuddannelser
73019,33318,folkeskolen
73011,33089,universiteter
73100,33254,psykiatri
73105,33331,motorkøretøjer
73102,62445,ejendomsdata
73103,35343,kommunale skatter
74193,33331,motorkøretøjer
74187,33332,energiafgifter 
74176,33205,dyr og dyrevelfærd
74166,33455,kulturarv og bygningsbevaring
74153,33361,efterretningstjeneste og sikkerhedspolitik
74161,33084,konkurrence- og forbrugerforhold
74821,34097,sø- og skibsfart
74820,34097,sø- og skibsfart
74167,33088,finansiel virksomhed
74175,33190,familieret
74192,33302,skattekontrol
74186,33331,motorkøretøjer
74163,33727,folkekirken
74157,33362,boligpolitik
74157,33430,lejeboliger
74160,33751,færdselsret
74160,33936,syn og motorkøretøjer
74146,33348,strafferet og kriminalitet
74201,33466,energiforsyning
74203,33179,olie- og naturgasindvinding
74205,33179,olie- og naturgasindvinding
74168,33222,medier
74190,33316,erhvervsakademier og professionshøjskoler
74152,33051,EU
74152,33086,transportpolitik
74188,33653,kunstneriske og maritime uddannelser
74426,33104,flygtninge og asylansøgere
74183,33256,ophold og visum
74162,33056,kollektiv transport
74162,33086,transportpolitik
74155,33364,jernbaneinfrastruktur
74191,33302,skattekontrol
74181,33489,økonomi og bloktilskud
74424,33054,indfødsrets og naturalisering
74424,35371,indfødsretsprøve
74178,33141,naturbeskyttelse og kystsikring
74567,33205,dyr og dyrevelfærd
74567,33339,jagt- og vildtforvaltning
74567,33141,naturbeskyttelse og kystsikring
74421,33205,dyr og dyrevelfærd
74189,33302,skattekontrol
74180,33051,EU
74158,33086,transportpolitik
74151,33751,færdselsret
74154,33362,boligpolitik
74154,33430,lejeboliger
74171,33318,folkeskolen
74170,83599,ungdoms- og efterskoler
74324,33488,international beskatning 
74569,33070,aktivering og jobformidling
74200,33443,etik og forskning
74677,33486,sundhed og sociale forhold
74322,33482,kommunal og regional økonomi
74322,33425,kommuner
74557,33129,handel og eksport
74184,83565,pensions- og pensionsafkastbeskatning
74182,33055,arbejdsmiljø og arbejdsskader
74148,33348,strafferet og kriminalitet
74145,33348,strafferet og kriminalitet
74172,33482,kommunal og regional økonomi
74197,33340,lægemidler og apoteker
74195,33443,etik og forskning
74422,33111,PET og terrorbekæmpelse
74672,33643,sygefravær og sygedagpenge
74669,33425,kommuner
74675,33754,virksomhedsskat
74673,34257,fonds- og foreningsbeskatning
74699,33744,punktafgifter
74703,33134,"folketingsarbejdet, grundloven og forretningsordenen"
74666,33671,voksen- og efteruddannelse
74674,33360,efterløn og fleksjob
74676,33343,arbejdsløshedsforsikring og dagpenge
74678,33104,flygtninge og asylansøgere
74159,33987,erhvervsdrivende virksomhed
74667,33141,naturbeskyttelse og kystsikring
74670,33473,vand- og havmiljø
74199,33179,olie- og naturgasindvinding
74202,33169,it og teleforsyning
74156,34616,turisme og oplevelsesøkonomi
74165,33987,erhvervsdrivende virksomhed
74143,34582,skifteret og konkurs
74194,33466,energiforsyning
74423,33290,alternative og vedvarende energikilder
74560,33133,erhvervsuddannelser
74563,33133,erhvervsuddannelser
74805,33147,sundhedsfremme og sygdomsforebyggelse
74084,33216,finansielle forhold
74085,33216,finansielle forhold
74087,33216,finansielle forhold
74664,33088,finansiel virksomhed
74664,33450,fysisk planlægning
74684,33278,indvandrere og integration
75497,33326,familiesammenføring
75498,33326,familiesammenføring
74806,83828,Danmarks Statistik
74804,33133,erhvervsuddannelser
74668,33141,naturbeskyttelse og kystsikring
74147,33348,strafferet og kriminalitet
74561,62370,produktsikkerhed og autorisation
74566,33482,kommunal og regional økonomi
74564,33482,kommunal og regional økonomi
75317,33450,fysisk planlægning
75318,33450,fysisk planlægning
74663,33348,strafferet og kriminalitet
74671,33206,miljøpolitik og miljøbeskyttelse
74807,33856,kriminalforsorg og afsoning
74897,33344,arbejdsmarkedspolitik og beskæftigelsesindsats
74896,33344,arbejdsmarkedspolitik og beskæftigelsesindsats
75034,33941,barsel
75035,33332,energiafgifter 
74559,83610,regnskab og revision
75222,62400,menighedsråd
74681,33147,sundhedsfremme og sygdomsforebyggelse
75178,33217,finanspolitik
74177,33051,EU
74174,33486,sundhed og sociale forhold
74558,34399,folkeoplysning og højskoler
74562,33133,erhvervsuddannelser
74565,33133,erhvervsuddannelser
74565,33319,gymnasiale uddannelser
74679,33147,sundhedsfremme og sygdomsforebyggelse
74899,33348,strafferet og kriminalitet
74999,33110,politi og våben
74999,33348,strafferet og kriminalitet
74997,33568,social service
75130,34097,sø- og skibsfart
75131,33987,erhvervsdrivende virksomhed
75221,33333,landbrug
75309,33133,erhvervsuddannelser
75308,33921,frie grundskoler
75475,33081,valg og folkeafstemninger
75601,33301,inddrivelse
75663,33051,EU
75482,33086,transportpolitik
75675,33987,erhvervsdrivende virksomhed
76142,33104,flygtninge og asylansøgere
76141,33104,flygtninge og asylansøgere
75467,33296,beredskab og civile opgaver
75671,33142,forsvaret
75600,34050,digitalisering
74803,33455,kulturarv og bygningsbevaring
74998,33278,indvandrere og integration
75383,33067,videregående uddannelse
75480,33071,folkepension og førtidspension
75486,33256,ophold og visum
75466,33348,strafferet og kriminalitet
75469,62370,produktsikkerhed og autorisation
75687,33329,beskatning af fast ejendom 
75686,33103,personskatter
75685,33103,personskatter
75677,34097,sø- og skibsfart
75670,33921,frie grundskoler
75598,33987,erhvervsdrivende virksomhed
75681,33323,udvisning og repatriering
75684,33290,alternative og vedvarende energikilder
75484,33047,sundhedspolitik og sundhedsøkonomi
75481,33086,transportpolitik
75678,33072,fødevarer
75682,33467,fiskeri og havbrug
75682,33473,vand- og havmiljø
75790,33473,vand- og havmiljø
75680,33141,naturbeskyttelse og kystsikring
75384,33443,etik og forskning
75599,33467,fiskeri og havbrug
75667,33086,transportpolitik
75666,33895,lufttrafik
75683,33466,energiforsyning
75690,35208,praksissektoren og kommunale sundhedsordninger
75689,33331,motorkøretøjer
75799,33055,arbejdsmiljø og arbejdsskader
75792,33141,naturbeskyttelse og kystsikring
76006,33333,landbrug
76076,33332,energiafgifter 
75914,33253,sygdomme og sygdomsbehandling
74425,33438,forvaltningsret og persondata
75597,33348,strafferet og kriminalitet
75668,33052,retspleje og domstole
75665,33052,retspleje og domstole
75664,33110,politi og våben
75676,33445,ejer- og andelsboliger
75795,33067,videregående uddannelse
76447,33987,erhvervsdrivende virksomhed
76446,33987,erhvervsdrivende virksomhed
75917,33290,alternative og vedvarende energikilder
75912,33343,arbejdsløshedsforsikring og dagpenge
75918,33071,folkepension og førtidspension
75916,33344,arbejdsmarkedspolitik og beskæftigelsesindsats
75886,33438,forvaltningsret og persondata
75901,33570,ældre
75890,33570,ældre
75915,33253,sygdomme og sygdomsbehandling
76205,33301,inddrivelse
75797,33104,flygtninge og asylansøgere
75924,33051,EU
75907,33921,frie grundskoler
75908,33921,frie grundskoler
75920,33469,Udlændingestyrelsen
75672,33595,socialforvaltning og retssikkerhed
75669,33590,byggeri
75133,34050,digitalisering
75888,33450,fysisk planlægning
75485,33047,sundhedspolitik og sundhedsøkonomi
75674,84066,dagtilbud
75679,33431,folkeregistret og borgerservice
75796,33088,finansiel virksomhed
75925,33051,EU
75906,33921,frie grundskoler
75905,33921,frie grundskoler
75904,33362,boligpolitik
75904,33430,lejeboliger
75900,33570,ældre
76212,33438,forvaltningsret og persondata
76073,33348,strafferet og kriminalitet
76132,33054,indfødsrets og naturalisering
75487,33256,ophold og visum
75386,33147,sundhedsfremme og sygdomsforebyggelse
76279,33425,kommuner
75910,33303,handicappede
76075,33425,kommuner
75673,33595,socialforvaltning og retssikkerhed
75688,33466,energiforsyning
75791,33110,politi og våben
75884,33348,strafferet og kriminalitet
75885,33052,retspleje og domstole
75911,33754,virksomhedsskat
75887,33348,strafferet og kriminalitet
75913,33047,sundhedspolitik og sundhedsøkonomi
76074,33348,strafferet og kriminalitet
76211,33348,strafferet og kriminalitet
76207,33048,patientrettigheder og patientsikkerhed
76233,33293,gods- og erhvervstransport
76284,33103,personskatter
76199,62402,ophavsret
76210,33469,Udlændingestyrelsen
76208,33469,Udlændingestyrelsen
75919,33278,indvandrere og integration
76203,33339,jagt- og vildtforvaltning
76202,33339,jagt- og vildtforvaltning
77272,33671,voksen- og efteruddannelse
77231,83610,regnskab og revision
76206,33568,social service
76280,33256,ophold og visum
77266,33590,byggeri
77266,35326,ghettoer og udsatte boligområder
77266,33430,lejeboliger
77237,34097,sø- og skibsfart
77275,33318,folkeskolen
77279,33488,international beskatning 
77281,33488,international beskatning 
77282,33488,international beskatning 
77283,33488,international beskatning 
77284,33169,it og teleforsyning
77260,33425,kommuner
77239,33129,handel og eksport
77267,33222,medier
77291,33340,lægemidler og apoteker
77286,33466,energiforsyning
77270,34399,folkeoplysning og højskoler
77268,33222,medier
77264,33751,færdselsret
77288,33340,lægemidler og apoteker
77274,33921,frie grundskoler
77290,33103,personskatter
77292,33709,beskatning af aktier
77265,33362,boligpolitik
77265,33590,byggeri
77265,35326,ghettoer og udsatte boligområder
77265,33430,lejeboliger
78024,34091,miljøafgifter
78025,34091,miljøafgifter
78028,33103,personskatter
78029,33103,personskatter
77969,33340,lægemidler og apoteker
77968,33340,lægemidler og apoteker
77295,33340,lægemidler og apoteker
77294,33462,sundhedspersonale og autorisation
77250,33205,dyr og dyrevelfærd
77269,34414,arbejdsmarkedspensioner 
77278,33343,arbejdsløshedsforsikring og dagpenge
77247,33322,uddannelsesstøtte
77252,83651,værnepligt
77249,33296,beredskab og civile opgaver
77232,33856,kriminalforsorg og afsoning
77480,33643,sygefravær og sygedagpenge
77583,33290,alternative og vedvarende energikilder
77683,34414,arbejdsmarkedspensioner 
77261,34953,havne
77590,33110,politi og våben
78053,33348,strafferet og kriminalitet
78054,33348,strafferet og kriminalitet
77293,33120,socialpolitik
77481,33833,erhverv og arbejdsmarked
78182,33088,finansiel virksomhed
78124,33052,retspleje og domstole
77236,33052,retspleje og domstole
78181,33088,finansiel virksomhed
77707,33322,uddannelsesstøtte
77709,33753,forskning og innovation
77251,33473,vand- og havmiljø
78126,33326,familiesammenføring
78125,33278,indvandrere og integration
77253,33364,jernbaneinfrastruktur
77255,33364,jernbaneinfrastruktur
77258,33364,jernbaneinfrastruktur
77258,33056,kollektiv transport
77254,33364,jernbaneinfrastruktur
77259,33751,færdselsret
77483,33808,boliger til særlige grupper
77483,33430,lejeboliger
77483,83655,studie- og ungdomsboliger
77587,33344,arbejdsmarkedspolitik og beskæftigelsesindsats
77589,33556,sociale ydelser
77581,33206,miljøpolitik og miljøbeskyttelse
77301,33568,social service
77262,84066,dagtilbud
77263,84066,dagtilbud
77244,34616,turisme og oplevelsesøkonomi
77243,34616,turisme og oplevelsesøkonomi
77798,33507,internationale forhold
77248,33206,miljøpolitik og miljøbeskyttelse
77256,33081,valg og folkeafstemninger
77240,33052,retspleje og domstole
77582,33348,strafferet og kriminalitet
77585,33348,strafferet og kriminalitet
77170,33217,finanspolitik
77793,33133,erhvervsuddannelser
77285,34257,fonds- og foreningsbeskatning
77482,33671,voksen- og efteruddannelse
77642,33332,energiafgifter 
77797,33500,spil
77795,33754,virksomhedsskat
77791,33133,erhvervsuddannelser
77171,33217,finanspolitik
77257,33425,kommuner
77242,33164,politi og retsvæsen
78303,33450,fysisk planlægning
78304,33450,fysisk planlægning
77246,34616,turisme og oplevelsesøkonomi
77580,33088,finansiel virksomhed
77169,33217,finanspolitik
78152,34149,affald og renovation
77588,33348,strafferet og kriminalitet
77807,33290,alternative og vedvarende energikilder
77790,33362,boligpolitik
77788,33111,PET og terrorbekæmpelse
77894,33438,forvaltningsret og persondata
77801,33508,ligebehandling
77586,33054,indfødsrets og naturalisering
78346,33051,EU
78346,33488,international beskatning 
77800,33103,personskatter
77800,33064,selskabsskatter 
77892,33329,beskatning af fast ejendom 
78221,33331,motorkøretøjer
77803,33253,sygdomme og sygdomsbehandling
77297,33047,sundhedspolitik og sundhedsøkonomi
77273,33344,arbejdsmarkedspolitik og beskæftigelsesindsats
77998,33104,flygtninge og asylansøgere
77796,33348,strafferet og kriminalitet
78330,33638,faste forbindelser
77997,34252,formueret og tinglysning
78618,33141,naturbeskyttelse og kystsikring
78617,33339,jagt- og vildtforvaltning
78616,33141,naturbeskyttelse og kystsikring
78240,33110,politi og våben
77893,33709,beskatning af aktier
78335,33332,energiafgifter 
77805,35208,praksissektoren og kommunale sundhedsordninger
77806,33147,sundhedsfremme og sygdomsforebyggelse
78570,34091,miljøafgifter
78241,33164,politi og retsvæsen
78247,34591,selskaber og fonde
78337,33071,folkepension og førtidspension
78454,33104,flygtninge og asylansøgere
78245,33921,frie grundskoler
78536,33217,finanspolitik
78798,33051,EU
78678,33671,voksen- og efteruddannelse
78675,33590,byggeri
78675,33292,DSB
78664,33348,strafferet og kriminalitet
78398,33348,strafferet og kriminalitet
79166,33318,folkeskolen
79166,33319,gymnasiale uddannelser
79165,33318,folkeskolen
77794,33348,strafferet og kriminalitet
78567,34414,arbejdsmarkedspensioner 
78336,33254,psykiatri
78244,33147,sundhedsfremme og sygdomsforebyggelse
77802,33253,sygdomme og sygdomsbehandling
78571,33103,personskatter
78680,33332,energiafgifter 
79190,33331,motorkøretøjer
78681,33301,inddrivelse
78676,33338,kulturelle og religiøse forhold
78902,33489,økonomi og bloktilskud
78569,33344,arbejdsmarkedspolitik og beskæftigelsesindsats
78901,33489,økonomi og bloktilskud
78900,34591,selskaber og fonde
78799,33256,ophold og visum
78925,33290,alternative og vedvarende energikilder
78924,33466,energiforsyning
78927,33179,olie- og naturgasindvinding
78916,33853,"arkiver, biblioteker og museer"
78912,33805,byfornyelse
78911,33086,transportpolitik
78904,34616,turisme og oplevelsesøkonomi
79478,33856,kriminalforsorg og afsoning
79392,33047,sundhedspolitik og sundhedsøkonomi
78566,33333,landbrug
79477,33856,kriminalforsorg og afsoning
77579,33052,retspleje og domstole
78669,33190,familieret
78667,33190,familieret
78670,34591,selskaber og fonde
78672,33084,konkurrence- og forbrugerforhold
78668,33084,konkurrence- og forbrugerforhold
78906,33322,uddannelsesstøtte
79122,33319,gymnasiale uddannelser
79123,33133,erhvervsuddannelser
79123,33318,folkeskolen
79123,33319,gymnasiale uddannelser
78918,33052,retspleje og domstole
78919,33052,retspleje og domstole
78923,33643,sygefravær og sygedagpenge
79295,33921,frie grundskoler
79124,33581,færgefart
78928,33584,køn og ligestillingsvurdering
78914,33364,jernbaneinfrastruktur
79570,33467,fiskeri og havbrug
78921,33147,sundhedsfremme og sygdomsforebyggelse
78921,33253,sygdomme og sygdomsbehandling
79550,33336,sygehuse og akutberedskab
79552,33336,sygehuse og akutberedskab
79551,33336,sygehuse og akutberedskab
78243,33147,sundhedsfremme og sygdomsforebyggelse
79567,33278,indvandrere og integration
78568,33570,ældre
79571,33467,fiskeri og havbrug
78926,33406,arbejdsret og overenskomster
79118,33316,erhvervsakademier og professionshøjskoler
79118,33089,universiteter
79300,33361,efterretningstjeneste og sikkerhedspolitik
79117,33987,erhvervsdrivende virksomhed
79121,33936,syn og motorkøretøjer
79119,33936,syn og motorkøretøjer
78903,33088,finansiel virksomhed
79125,33055,arbejdsmiljø og arbejdsskader
79448,33318,folkeskolen
79569,33278,indvandrere og integration
79568,33278,indvandrere og integration
79379,33337,moms 
79116,33987,erhvervsdrivende virksomhed
79303,33055,arbejdsmiljø og arbejdsskader
79306,33344,arbejdsmarkedspolitik og beskæftigelsesindsats
79305,33344,arbejdsmarkedspolitik og beskæftigelsesindsats
78907,33206,miljøpolitik og miljøbeskyttelse
79302,33278,indvandrere og integration
80006,33081,valg og folkeafstemninger
80333,33360,efterløn og fleksjob
80333,33071,folkepension og førtidspension
80354,33301,inddrivelse
80676,33054,indfødsrets og naturalisering
80349,33466,energiforsyning
80349,33059,energipolitik og energieffektivitet
80351,33466,energiforsyning
80351,33059,energipolitik og energieffektivitet
80350,33190,familieret
80348,33568,social service
80334,33071,folkepension og førtidspension
80326,62400,menighedsråd
80347,33205,dyr og dyrevelfærd
80345,33205,dyr og dyrevelfærd
80344,33205,dyr og dyrevelfærd
81204,33051,EU
81204,33337,moms 
80340,33364,jernbaneinfrastruktur
80339,33936,syn og motorkøretøjer
80330,33430,lejeboliger
80360,33331,motorkøretøjer
80357,34063,klageinstanser og klagesager
80355,35207,kursgevinstbeskatning
80335,33084,konkurrence- og forbrugerforhold
80337,33084,konkurrence- og forbrugerforhold
80342,33147,sundhedsfremme og sygdomsforebyggelse
80343,33443,etik og forskning
80537,33164,politi og retsvæsen
80728,33290,alternative og vedvarende energikilder
80331,33164,politi og retsvæsen
80329,33473,vand- og havmiljø
80322,33217,finanspolitik
81041,33319,gymnasiale uddannelser
81041,33671,voksen- og efteruddannelse
81037,33466,energiforsyning
80321,33217,finanspolitik
81205,33337,moms 
80352,33301,inddrivelse
80328,33212,scenekunst
80363,33348,strafferet og kriminalitet
80336,33052,retspleje og domstole
80917,33088,finansiel virksomhed
80727,33290,alternative og vedvarende energikilder
80726,33054,indfødsrets og naturalisering
80836,33326,familiesammenføring
80916,33438,forvaltningsret og persondata
81032,33355,vandforsyning
81038,33088,finansiel virksomhed
81163,34114,afgift af dødsboer og gaver 
81161,33103,personskatter
80356,83565,pensions- og pensionsafkastbeskatning
81042,33333,landbrug
81039,33319,gymnasiale uddannelser
81039,33671,voksen- og efteruddannelse
81040,33319,gymnasiale uddannelser
81040,33671,voksen- og efteruddannelse
80915,33556,sociale ydelser
81154,33249,vederlag mv. til medlemmer og ministre 
81597,33329,beskatning af fast ejendom 
81598,33488,international beskatning 
81601,33331,motorkøretøjer
81600,33331,motorkøretøjer
81602,33488,international beskatning 
81603,33488,international beskatning 
80332,33590,byggeri
81596,33329,beskatning af fast ejendom 
81605,33301,inddrivelse
80921,33302,skattekontrol
80541,33754,virksomhedsskat
80361,33709,beskatning af aktier
81155,34414,arbejdsmarkedspensioner 
81156,33556,sociale ydelser
81034,84799,aktiv beskæftigelsesindsats
81035,84799,aktiv beskæftigelsesindsats
81036,33643,sygefravær og sygedagpenge
81157,33055,arbejdsmiljø og arbejdsskader
80919,33051,EU
81029,33568,social service
81149,33568,social service
81581,33343,arbejdsløshedsforsikring og dagpenge
81031,33146,affald og kemikalier
81031,33206,miljøpolitik og miljøbeskyttelse
81030,33081,valg og folkeafstemninger
81255,33319,gymnasiale uddannelser
81501,33141,naturbeskyttelse og kystsikring
81955,84565,dødsboskat
81956,33331,motorkøretøjer
81957,33103,personskatter
81578,33103,personskatter
81500,33054,indfødsrets og naturalisering
80833,33111,PET og terrorbekæmpelse
81250,33205,dyr og dyrevelfærd
81253,33936,syn og motorkøretøjer
81781,33067,videregående uddannelse
82153,33568,social service
82154,33568,social service
81869,83856,tinglysningsafgift 
81377,33332,energiafgifter 
82157,33450,fysisk planlægning
82156,33450,fysisk planlægning
81249,33348,strafferet og kriminalitet
81678,33111,PET og terrorbekæmpelse
81946,33319,gymnasiale uddannelser
82252,33318,folkeskolen
82503,33406,arbejdsret og overenskomster
82503,85017,COVID-19 pandemien
82485,85017,COVID-19 pandemien
82485,84066,dagtilbud
82517,33343,arbejdsløshedsforsikring og dagpenge
82518,33643,sygefravær og sygedagpenge
82530,85017,COVID-19 pandemien
82530,33322,uddannelsesstøtte
82559,85017,COVID-19 pandemien
82559,33425,kommuner
82559,33390,regioner
82561,33222,medier
81780,33146,affald og kemikalier
81576,33120,socialpolitik
81575,33348,strafferet og kriminalitet
83403,85017,COVID-19 pandemien
83403,33643,sygefravær og sygedagpenge
81945,33216,finansielle forhold
81945,33217,finanspolitik
82048,33067,videregående uddannelse
82048,33671,voksen- og efteruddannelse
82047,33088,finansiel virksomhed
83178,33987,erhvervsdrivende virksomhed
83177,33987,erhvervsdrivende virksomhed
82233,33059,energipolitik og energieffektivitet
82482,84800,arbejdsmarkedspolitik og beskæftigelsespolitik
82570,85017,COVID-19 pandemien
82570,33348,strafferet og kriminalitet
82572,85017,COVID-19 pandemien
82572,33147,sundhedsfremme og sygdomsforebyggelse
82588,84800,arbejdsmarkedspolitik og beskæftigelsespolitik
82588,85017,COVID-19 pandemien
82624,85017,COVID-19 pandemien
82624,33987,erhvervsdrivende virksomhed
82659,33343,arbejdsløshedsforsikring og dagpenge
82659,85017,COVID-19 pandemien
82780,85017,COVID-19 pandemien
82780,33322,uddannelsesstøtte
82786,33290,alternative og vedvarende energikilder
82786,85017,COVID-19 pandemien
82787,85017,COVID-19 pandemien
82787,62608,lønsumsafgift
82787,33337,moms 
82928,34591,selskaber og fonde
84959,83610,regnskab og revision
84963,33067,videregående uddannelse
84961,85017,COVID-19 pandemien
84961,33067,videregående uddannelse
84974,33319,gymnasiale uddannelser
84974,33671,voksen- og efteruddannelse
85665,84799,aktiv beskæftigelsesindsats
85665,33343,arbejdsløshedsforsikring og dagpenge
85772,85017,COVID-19 pandemien
85772,33643,sygefravær og sygedagpenge
81579,33253,sygdomme og sygdomsbehandling
81580,33462,sundhedspersonale og autorisation
82044,33052,retspleje og domstole
82045,33438,forvaltningsret og persondata
82040,33222,medier
82230,33348,strafferet og kriminalitet
82231,33059,energipolitik og energieffektivitet
83340,33129,handel og eksport
83339,33129,handel og eksport
82417,33337,moms 
82550,33744,punktafgifter
83592,33709,beskatning af aktier
83593,33709,beskatning af aktier
82654,33301,inddrivelse
86402,33147,sundhedsfremme og sygdomsforebyggelse
84945,33430,lejeboliger
84939,33362,boligpolitik
84938,33362,boligpolitik
84956,33051,EU
84913,33853,"arkiver, biblioteker og museer"
84917,33052,retspleje og domstole
84934,33066,børne- og ungeydelse
84968,33361,efterretningstjeneste og sikkerhedspolitik
84966,33142,forsvaret
84978,33293,gods- og erhvervstransport
84952,33051,EU
84915,33168,lovudkast
84981,33322,uddannelsesstøtte
84973,33921,frie grundskoler
84975,33318,folkeskolen
84919,33245,ministeransvar
84960,33048,patientrettigheder og patientsikkerhed
84962,33520,rygning og rusmiddelbrug
85356,33507,internationale forhold
85667,33206,miljøpolitik og miljøbeskyttelse
85671,33146,affald og kemikalier
85361,33088,finansiel virksomhed
84948,33643,sygefravær og sygedagpenge
84950,33071,folkepension og førtidspension
84951,84799,aktiv beskæftigelsesindsats
84911,35342,"biskopper, provster og præster"
84965,33090,hjemmeværnet
84976,33311,vejinfrastruktur
84954,33278,indvandrere og integration
86192,33206,miljøpolitik og miljøbeskyttelse
85360,33466,energiforsyning
85354,34091,miljøafgifter
85355,33727,folkekirken
85513,33249,vederlag mv. til medlemmer og ministre 
85673,84799,aktiv beskæftigelsesindsats
85675,33406,arbejdsret og overenskomster
85682,33987,erhvervsdrivende virksomhed
85664,33348,strafferet og kriminalitet
84983,33751,færdselsret
86569,33103,personskatter
86569,33064,selskabsskatter 
86570,33103,personskatter
86570,33064,selskabsskatter 
86565,33331,motorkøretøjer
86564,33331,motorkøretøjer
84953,33054,indfødsrets og naturalisering
84955,33710,fødevaresikkerhed og fødevarekontrol
86485,83565,pensions- og pensionsafkastbeskatning
85700,85017,COVID-19 pandemien
85700,33205,dyr og dyrevelfærd
86486,83565,pensions- og pensionsafkastbeskatning
86484,83565,pensions- og pensionsafkastbeskatning
85359,33833,erhverv og arbejdsmarked
85358,33054,indfødsrets og naturalisering
85676,33302,skattekontrol
85679,33332,energiafgifter 
85683,33290,alternative og vedvarende energikilder
85687,33355,vandforsyning
85685,33466,energiforsyning
85862,33222,medier
85861,33332,energiafgifter 
86567,62445,ejendomsdata
86561,33278,indvandrere og integration
86562,33278,indvandrere og integration
84867,33217,finanspolitik
84869,33217,finanspolitik
84924,33190,familieret
84977,33133,erhvervsuddannelser
85859,33155,udsatte voksne
85678,33278,indvandrere og integration
85864,34414,arbejdsmarkedspensioner 
85864,33360,efterløn og fleksjob
85865,34414,arbejdsmarkedspensioner 
85865,33360,efterløn og fleksjob
86329,33671,voksen- og efteruddannelse
86391,85017,COVID-19 pandemien
86391,33643,sygefravær og sygedagpenge
86460,33278,indvandrere og integration
86585,34091,miljøafgifter
86779,33343,arbejdsløshedsforsikring og dagpenge
86779,85017,COVID-19 pandemien
86907,34277,arbejdsmarkedsbidrag
86780,33343,arbejdsløshedsforsikring og dagpenge
86780,85017,COVID-19 pandemien
84927,33460,udsatte børn og unge
84923,33190,familieret
84868,33217,finanspolitik
85669,33206,miljøpolitik og miljøbeskyttelse
85688,33048,patientrettigheder og patientsikkerhed
85666,33110,politi og våben
86802,33110,politi og våben
86018,33430,lejeboliger
86017,85017,COVID-19 pandemien
86017,33318,folkeskolen
86331,33084,konkurrence- og forbrugerforhold
86456,33278,indvandrere og integration
86554,33331,motorkøretøjer
86451,62455,kunstig befrugtning
86586,33110,politi og våben
86586,33052,retspleje og domstole
86580,33147,sundhedsfremme og sygdomsforebyggelse
86680,33052,retspleje og domstole
86908,33331,motorkøretøjer
86763,85017,COVID-19 pandemien
86763,33322,uddannelsesstøtte
86766,33348,strafferet og kriminalitet
86895,85017,COVID-19 pandemien
86898,85017,COVID-19 pandemien
86940,85017,COVID-19 pandemien
87142,85017,COVID-19 pandemien
84958,33508,ligebehandling
85247,33052,retspleje og domstole
85248,85017,COVID-19 pandemien
85248,34582,skifteret og konkurs
85684,33316,erhvervsakademier og professionshøjskoler
85680,33278,indvandrere og integration
85686,33364,jernbaneinfrastruktur
85686,33311,vejinfrastruktur
85663,33568,social service
85858,34022,kommuner og infrastruktur
86014,33052,retspleje og domstole
86014,33348,strafferet og kriminalitet
86016,33727,folkekirken
86015,33133,erhvervsuddannelser
86325,83686,Det Økonomiske Råd
86328,33293,gods- og erhvervstransport
87475,33278,indvandrere og integration
87476,33278,indvandrere og integration
86454,33751,færdselsret
87105,34414,arbejdsmarkedspensioner 
87107,84800,arbejdsmarkedspolitik og beskæftigelsespolitik
87499,85017,COVID-19 pandemien
87701,85017,COVID-19 pandemien
82922,34414,arbejdsmarkedspensioner 
82923,34414,arbejdsmarkedspensioner 
81783,33445,ejer- og andelsboliger
82041,33164,politi og retsvæsen
82039,33052,retspleje og domstole
82043,33348,strafferet og kriminalitet
83404,33147,sundhedsfremme og sygdomsforebyggelse
83692,85017,COVID-19 pandemien
83692,33337,moms 
83686,33362,boligpolitik
85681,34257,fonds- og foreningsbeskatning
86327,33253,sygdomme og sygdomsbehandling
86764,33103,personskatter
86998,33136,miljø- og genteknologi
87103,85017,COVID-19 pandemien
87103,33500,spil
87108,85017,COVID-19 pandemien
87291,33245,ministeransvar
87300,34091,miljøafgifter
81782,33571,jord- og luftforurening
82591,33051,EU
86824,33216,finansielle forhold
86824,33217,finanspolitik
82772,33362,boligpolitik
82771,33362,boligpolitik
82657,33206,miljøpolitik og miljøbeskyttelse
82551,33333,landbrug
82145,33146,affald og kemikalier
82144,33278,indvandrere og integration
81870,33319,gymnasiale uddannelser
83085,33256,ophold og visum
82773,33362,boligpolitik
82774,33054,indfødsrets og naturalisering
84086,33278,indvandrere og integration
84087,33278,indvandrere og integration
83773,83650,Udlændingenævnet
83772,62370,produktsikkerhed og autorisation
83771,62370,produktsikkerhed og autorisation
82542,33088,finansiel virksomhed
82236,33129,handel og eksport
82232,83903,patent- og varemærkning
83575,85017,COVID-19 pandemien
83575,33987,erhvervsdrivende virksomhed
83775,33348,strafferet og kriminalitet
83083,33278,indvandrere og integration
82653,33155,udsatte voksne
83390,33568,social service
83411,33482,kommunal og regional økonomi
83412,33482,kommunal og regional økonomi
83391,33329,beskatning af fast ejendom 
83776,33348,strafferet og kriminalitet
83562,84799,aktiv beskæftigelsesindsats
83562,85017,COVID-19 pandemien
83392,33486,sundhed og sociale forhold
83392,85017,COVID-19 pandemien
84041,84799,aktiv beskæftigelsesindsats
84102,33343,arbejdsløshedsforsikring og dagpenge
84102,85017,COVID-19 pandemien
84103,33343,arbejdsløshedsforsikring og dagpenge
84158,33343,arbejdsløshedsforsikring og dagpenge
82046,33425,kommuner
82237,33109,klimapolitik og klimaforandringer
82245,33895,lufttrafik
82594,84066,dagtilbud
82592,33142,forsvaret
84084,33190,familieret
84085,33190,familieret
82543,33936,syn og motorkøretøjer
82587,33141,naturbeskyttelse og kystsikring
82921,33340,lægemidler og apoteker
83774,33104,flygtninge og asylansøgere
84159,84799,aktiv beskæftigelsesindsats
84411,84800,arbejdsmarkedspolitik og beskæftigelsespolitik
84412,33343,arbejdsløshedsforsikring og dagpenge
84630,33343,arbejdsløshedsforsikring og dagpenge
84630,85017,COVID-19 pandemien
84709,84799,aktiv beskæftigelsesindsats
84709,85017,COVID-19 pandemien
84711,84799,aktiv beskæftigelsesindsats
84833,33343,arbejdsløshedsforsikring og dagpenge
84833,85017,COVID-19 pandemien
84912,33211,sport og idræt
86883,33051,EU
87106,84800,arbejdsmarkedspolitik og beskæftigelsespolitik
87919,85017,COVID-19 pandemien
82470,34277,arbejdsmarkedsbidrag
82471,33343,arbejdsløshedsforsikring og dagpenge
82471,85017,COVID-19 pandemien
82545,33147,sundhedsfremme og sygdomsforebyggelse
86997,33348,strafferet og kriminalitet
82465,33147,sundhedsfremme og sygdomsforebyggelse
86681,33302,skattekontrol
86879,33120,socialpolitik
88406,33290,alternative og vedvarende energikilder
86999,33059,energipolitik og energieffektivitet
87098,34050,digitalisering
87100,34050,digitalisering
87294,33568,social service
87299,33568,social service
87290,33129,handel og eksport
87295,33051,EU
87292,33987,erhvervsdrivende virksomhed
87287,33146,affald og kemikalier
87288,33206,miljøpolitik og miljøbeskyttelse
87297,33467,fiskeri og havbrug
87409,33051,EU
87899,33278,indvandrere og integration
87983,85017,COVID-19 pandemien
87983,33205,dyr og dyrevelfærd
88132,85017,COVID-19 pandemien
88132,33337,moms 
87305,33056,kollektiv transport
87411,33129,handel og eksport
86326,33051,EU
86326,34143,told
86457,33751,færdselsret
86683,33205,dyr og dyrevelfærd
88405,33290,alternative og vedvarende energikilder
86939,33751,færdselsret
87301,33466,energiforsyning
87303,33253,sygdomme og sygdomsbehandling
87408,33360,efterløn og fleksjob
87582,33296,beredskab og civile opgaver
87580,33987,erhvervsdrivende virksomhed
87898,84799,aktiv beskæftigelsesindsats
87902,34591,selskaber og fonde
88136,84799,aktiv beskæftigelsesindsats
88314,33343,arbejdsløshedsforsikring og dagpenge
88314,84800,arbejdsmarkedspolitik og beskæftigelsespolitik
88314,85017,COVID-19 pandemien
88315,33343,arbejdsløshedsforsikring og dagpenge
88315,84800,arbejdsmarkedspolitik og beskæftigelsespolitik
88315,85017,COVID-19 pandemien
88412,33987,erhvervsdrivende virksomhed
87900,33256,ophold og visum
87904,84066,dagtilbud
87904,33318,folkeskolen
87894,33570,ældre
87296,33753,forskning og innovation
86582,34114,afgift af dødsboer og gaver 
87293,33088,finansiel virksomhed
87630,33134,"folketingsarbejdet, grundloven og forretningsordenen"
87630,33245,ministeransvar
87631,33134,"folketingsarbejdet, grundloven og forretningsordenen"
87631,33245,ministeransvar
88834,33348,strafferet og kriminalitet
88835,33110,politi og våben
88770,85017,COVID-19 pandemien
88770,33987,erhvervsdrivende virksomhed
88771,85017,COVID-19 pandemien
88771,33987,erhvervsdrivende virksomhed
88772,85017,COVID-19 pandemien
88772,33987,erhvervsdrivende virksomhed
87897,33362,boligpolitik
87893,33110,politi og våben
87895,33254,psykiatri
88804,33709,beskatning af aktier
88837,33052,retspleje og domstole
88838,33052,retspleje og domstole
88839,33052,retspleje og domstole
88366,33052,retspleje og domstole
88362,33247,civilret
88361,33054,indfødsrets og naturalisering
88360,33141,naturbeskyttelse og kystsikring
89413,84800,arbejdsmarkedspolitik og beskæftigelsespolitik
89627,34050,digitalisering
89661,33318,folkeskolen
89637,33071,folkepension og førtidspension
89663,33133,erhvervsuddannelser
88990,85017,COVID-19 pandemien
88900,33643,sygefravær og sygedagpenge
88958,84799,aktiv beskæftigelsesindsats
87896,62402,ophavsret
88487,33332,energiafgifter 
88487,33051,EU
88489,33301,inddrivelse
88737,85017,COVID-19 pandemien
88989,85017,COVID-19 pandemien
88142,33247,civilret
89650,85017,COVID-19 pandemien
89638,33256,ophold og visum
89639,85017,COVID-19 pandemien
90216,85017,COVID-19 pandemien
90209,35371,indfødsretsprøve
90210,33054,indfødsrets og naturalisering
89656,33319,gymnasiale uddannelser
89659,33318,folkeskolen
89659,33921,frie grundskoler
89659,33319,gymnasiale uddannelser
89655,33921,frie grundskoler
89633,33081,valg og folkeafstemninger
89632,33438,forvaltningsret og persondata
89641,33331,motorkøretøjer
89647,33051,EU
89642,33488,international beskatning 
89645,33051,EU
89657,33109,klimapolitik og klimaforandringer
89665,33981,vejtransport og trængsel
89668,33311,vejinfrastruktur
89629,33067,videregående uddannelse
89643,33488,international beskatning 
90384,33302,skattekontrol
90383,33302,skattekontrol
89646,33051,EU
89651,33466,energiforsyning
89964,33936,syn og motorkøretøjer
90332,85017,COVID-19 pandemien
89830,33843,trossamfund og menigheder
89635,33568,social service
89669,33364,jernbaneinfrastruktur
89667,33895,lufttrafik
89829,33690,postvæsen
90152,83565,pensions- og pensionsafkastbeskatning
89630,33110,politi og våben
89628,33052,retspleje og domstole
89631,33081,valg og folkeafstemninger
90134,33425,kommuner
89654,33133,erhvervsuddannelser
90143,33712,vækst og konkurrenceevne
90518,33643,sygefravær og sygedagpenge
89652,33161,militært materiel
89965,33833,erhverv og arbejdsmarked
89960,85017,COVID-19 pandemien
90725,33247,civilret
90726,33247,civilret
90483,33520,rygning og rusmiddelbrug
90482,33520,rygning og rusmiddelbrug
90149,33319,gymnasiale uddannelser
90132,34062,klimatilpasning
90137,85017,COVID-19 pandemien
89571,33217,finanspolitik
90470,33340,lægemidler og apoteker
90131,33611,Danida
90133,33856,kriminalforsorg og afsoning
90860,33375,ligestilling og barsel
90138,33348,strafferet og kriminalitet
90145,33190,familieret
90469,33302,skattekontrol
90943,33520,rygning og rusmiddelbrug
90972,33293,gods- og erhvervstransport
89833,33362,boligpolitik
89832,33362,boligpolitik
89831,33362,boligpolitik
90805,33103,personskatter
90697,85017,COVID-19 pandemien
90698,85017,COVID-19 pandemien
89569,33217,finanspolitik
90290,33438,forvaltningsret og persondata
90368,33318,folkeskolen
90554,33333,landbrug
90699,33348,strafferet og kriminalitet
90804,33375,ligestilling og barsel
91003,33500,spil
91000,33086,transportpolitik
90998,33323,udvisning og repatriering
91579,84799,aktiv beskæftigelsesindsats
91580,84799,aktiv beskæftigelsesindsats
91135,33744,punktafgifter
91125,35371,indfødsretsprøve
91278,33205,dyr og dyrevelfærd
91710,33088,finansiel virksomhed
91766,33466,energiforsyning
91851,34591,selskaber og fonde
91577,33206,miljøpolitik og miljøbeskyttelse
91578,33206,miljøpolitik og miljøbeskyttelse
91553,33104,flygtninge og asylansøgere
90999,33217,finanspolitik
90971,33293,gods- og erhvervstransport
91001,33466,energiforsyning
91126,33088,finansiel virksomhed
91131,33179,olie- og naturgasindvinding
91137,33364,jernbaneinfrastruktur
91136,33311,vejinfrastruktur
91130,33205,dyr og dyrevelfærd
91124,33146,affald og kemikalier
91272,33155,udsatte voksne
91268,33055,arbejdsmiljø og arbejdsskader
91265,33206,miljøpolitik og miljøbeskyttelse
91280,33318,folkeskolen
92088,33101,forbehold
91140,33584,køn og ligestillingsvurdering
91811,33322,uddannelsesstøtte
91985,33104,flygtninge og asylansøgere
91985,33256,ophold og visum
91277,33253,sygdomme og sygdomsbehandling
91132,33164,politi og retsvæsen
91852,34591,selskaber og fonde
92089,33101,forbehold
90146,33489,økonomi og bloktilskud
91002,33356,international ret og menneskerettigheder
91002,33348,strafferet og kriminalitet
91129,33211,sport og idræt
91269,62370,produktsikkerhed og autorisation
91273,33290,alternative og vedvarende energikilder
91264,33067,videregående uddannelse
91279,33318,folkeskolen
91560,33311,vejinfrastruktur
91618,33443,etik og forskning
91708,33595,socialforvaltning og retssikkerhed
91709,33052,retspleje og domstole
91704,33293,gods- og erhvervstransport
91875,33111,PET og terrorbekæmpelse
92247,33318,folkeskolen
92351,33318,folkeskolen
92352,33318,folkeskolen
92306,83610,regnskab og revision
92307,83610,regnskab og revision
91274,33466,energiforsyning
91196,33134,"folketingsarbejdet, grundloven og forretningsordenen"
90686,33104,flygtninge og asylansøgere
92606,33147,sundhedsfremme og sygdomsforebyggelse
92605,33147,sundhedsfremme og sygdomsforebyggelse
92607,33147,sundhedsfremme og sygdomsforebyggelse
91702,33067,videregående uddannelse
91703,33256,ophold og visum
91993,33302,skattekontrol
91992,33329,beskatning af fast ejendom 
91994,33067,videregående uddannelse
92018,33256,ophold og visum
92010,33256,ophold og visum
92015,33469,Udlændingestyrelsen
92011,33256,ophold og visum
91128,33492,landdistrikter
91899,33129,handel og eksport
91898,85017,COVID-19 pandemien
92013,33054,indfødsrets og naturalisering
91270,33853,"arkiver, biblioteker og museer"
91806,33839,kultur- og kunststøtte
92564,33278,indvandrere og integration
91267,33362,boligpolitik
91289,33438,forvaltningsret og persondata
91266,33805,byfornyelse
91706,33319,gymnasiale uddannelser
91800,34050,digitalisering
92012,33318,folkeskolen
92014,33318,folkeskolen
91995,33430,lejeboliger
92002,33856,kriminalforsorg og afsoning
92000,34582,skifteret og konkurs
92007,33348,strafferet og kriminalitet
92008,33336,sygehuse og akutberedskab
92009,33048,patientrettigheder og patientsikkerhed
92085,33217,finanspolitik
92084,33217,finanspolitik
92017,33987,erhvervsdrivende virksomhed
91996,33438,forvaltningsret og persondata
92595,33348,strafferet og kriminalitet
92596,33348,strafferet og kriminalitet
92597,33348,strafferet og kriminalitet
91707,34149,affald og renovation
91808,33064,selskabsskatter 
92005,33556,sociale ydelser
92003,84800,arbejdsmarkedspolitik og beskæftigelsespolitik
91998,33343,arbejdsløshedsforsikring og dagpenge
92087,33052,retspleje og domstole
92404,33343,arbejdsløshedsforsikring og dagpenge
92199,33332,energiafgifter 
92593,33052,retspleje og domstole
92594,33052,retspleje og domstole
92591,33337,moms 
93092,33362,boligpolitik
92927,33332,energiafgifter 
92927,33103,personskatter
92928,33322,uddannelsesstøtte
92929,33556,sociale ydelser
93688,83574,ejerboliger
93689,83574,ejerboliger
93628,83574,ejerboliger
93464,62393,børnetilskud
93629,33217,finanspolitik
93632,83870,udvalgsmeddelelser
93989,84800,arbejdsmarkedspolitik og beskæftigelsespolitik
93979,33355,vandforsyning
93991,34591,selskaber og fonde
93990,33507,internationale forhold
93890,33072,fødevarer
93988,84799,aktiv beskæftigelsesindsats
93980,33051,EU
93978,33290,alternative og vedvarende energikilder
93986,33133,erhvervsuddannelser
93985,33318,folkeskolen
94089,33054,indfødsrets og naturalisering
93634,62523,arbejdsmarkedsuddannelser
93637,33179,olie- og naturgasindvinding
93635,83870,udvalgsmeddelelser
93638,35529,bestyrelser og ledelse
93636,33333,landbrug
93631,33341,kontanthjælp og uddannelseshjælp
93631,33461,sociale forhold
93631,33120,socialpolitik
93987,33319,gymnasiale uddannelser
93987,33671,voksen- og efteruddannelse
94029,33217,finanspolitik
94180,33129,handel og eksport
93983,33488,international beskatning 
94179,33051,EU
94177,33051,EU
93982,33301,inddrivelse
94088,84800,arbejdsmarkedspolitik og beskæftigelsespolitik
93981,62400,menighedsråd
94186,33205,dyr og dyrevelfærd
94173,33492,landdistrikter
94176,33425,kommuner
94174,33405,selvstyreordningen og Rigsfællesskabet
94171,33296,beredskab og civile opgaver
94178,33088,finansiel virksomhed
94181,33319,gymnasiale uddannelser
93992,33084,konkurrence- og forbrugerforhold
94183,83610,regnskab og revision
94569,33340,lægemidler og apoteker
94399,33332,energiafgifter 
94912,33108,energipolitik
94913,33108,energipolitik
94170,33466,energiforsyning
94323,33164,politi og retsvæsen
94712,33556,sociale ydelser
94709,33332,energiafgifter 
94564,84800,arbejdsmarkedspolitik og beskæftigelsespolitik
94561,33302,skattekontrol
94400,33751,færdselsret
94821,33556,sociale ydelser
94820,33406,arbejdsret og overenskomster
94565,33120,socialpolitik
94715,33217,finanspolitik
95173,33051,EU
95171,33051,EU
95172,33051,EU
95094,33088,finansiel virksomhed
95095,33088,finansiel virksomhed
94566,33568,social service
94172,33089,universiteter
94828,33134,"folketingsarbejdet, grundloven og forretningsordenen"
94716,33217,finanspolitik
94714,33217,finanspolitik
94802,85381,digital service og digital transformation
95033,34277,arbejdsmarkedsbidrag
94940,84799,aktiv beskæftigelsesindsats
94941,33318,folkeskolen
94796,33290,alternative og vedvarende energikilder
94568,33051,EU
94801,85381,digital service og digital transformation
94808,33843,trossamfund og menigheder
94807,62400,menighedsråd
94322,33348,strafferet og kriminalitet
94816,33830,erhvervsudlejning
94819,33084,konkurrence- og forbrugerforhold
94818,33319,gymnasiale uddannelser
94823,33318,folkeskolen
94398,33833,erhverv og arbejdsmarked
94562,33323,udvisning og repatriering
95327,83565,pensions- og pensionsafkastbeskatning
93994,33164,politi og retsvæsen
93993,33164,politi og retsvæsen
95034,33329,beskatning af fast ejendom 
94811,34091,miljøafgifter
94560,33292,DSB
94810,33337,moms 
94809,33247,civilret
94806,33110,politi og våben
94883,33489,økonomi og bloktilskud
95038,33987,erhvervsdrivende virksomhed
95042,33343,arbejdsløshedsforsikring og dagpenge
94812,33135,kulturformidling og kulturliv
94815,33135,kulturformidling og kulturliv
94713,33247,civilret
94798,33081,valg og folkeafstemninger
94805,33134,"folketingsarbejdet, grundloven og forretningsordenen"
94813,33064,selskabsskatter 
94800,33462,sundhedspersonale og autorisation
94882,34616,turisme og oplevelsesøkonomi
95135,62402,ophavsret
94817,34591,selskaber og fonde
95032,33329,beskatning af fast ejendom 
94884,33430,lejeboliger
94184,33190,familieret
95039,33568,social service
95040,33120,socialpolitik
94797,85380,forebyggende ældreindsatser
94799,85438,kvalitetsstandarder på ældreområdet
94794,33059,energipolitik og energieffektivitet
95036,83599,ungdoms- og efterskoler
95138,84799,aktiv beskæftigelsesindsats
95139,84799,aktiv beskæftigelsesindsats
95035,33054,indfødsrets og naturalisering
94185,33190,familieret
95137,33987,erhvervsdrivende virksomhed
95031,34149,affald og renovation
95037,33520,rygning og rusmiddelbrug
94795,33336,sygehuse og akutberedskab
95140,33488,international beskatning 
94822,33190,familieret
95136,84085,klageforhold og klagenævn
94939,33293,gods- og erhvervstransport
67748,33104,flygtninge og asylansøgere
96042,33488,international beskatning 
67756,33348,strafferet og kriminalitet
96770,33301,inddrivelse
96769,33301,inddrivelse
67753,33709,beskatning af aktier
96053,33590,byggeri
96029,85388,Statens it
96026,33059,energipolitik og energieffektivitet
96024,33059,energipolitik og energieffektivitet
96025,85384,it-løsninger og digital infrastruktur
67754,33924,sundheds it
96040,33205,dyr og dyrevelfærd
96050,33088,finansiel virksomhed
96052,33051,EU
96027,33067,videregående uddannelse
96054,33987,erhvervsdrivende virksomhed
67752,33103,personskatter
96039,33205,dyr og dyrevelfærd
67760,33319,gymnasiale uddannelser
67755,33104,flygtninge og asylansøgere
96960,33425,kommuner
67757,33318,folkeskolen
96049,84800,arbejdsmarkedspolitik og beskæftigelsespolitik
96449,33055,arbejdsmiljø og arbejdsskader
96451,84800,arbejdsmarkedspolitik og beskæftigelsespolitik
67751,33064,selskabsskatter 
96045,33318,folkeskolen
96045,34269,undervisning til unge med særlige behov
67758,33318,folkeskolen
96046,33133,erhvervsuddannelser
96357,34414,arbejdsmarkedspensioner 
96033,33690,postvæsen
96030,33056,kollektiv transport
96031,33895,lufttrafik
96037,33895,lufttrafik
96035,33311,vejinfrastruktur
96034,33751,færdselsret
96034,33293,gods- og erhvervstransport
96036,33638,faste forbindelser
96036,33311,vejinfrastruktur
96038,33293,gods- og erhvervstransport
96038,33895,lufttrafik
96048,33318,folkeskolen
96048,34269,undervisning til unge med særlige behov
96028,33322,uddannelsesstøtte
96959,33425,kommuner
96255,33356,international ret og menneskerettigheder
96201,34582,skifteret og konkurs
67763,33111,PET og terrorbekæmpelse
67764,33856,kriminalforsorg og afsoning
96614,33278,indvandrere og integration
97121,33450,fysisk planlægning
97120,33450,fysisk planlægning
96526,33727,folkekirken
67749,33253,sygdomme og sygdomsbehandling
96044,33081,valg og folkeafstemninger
67759,33924,sundheds it
96356,33054,indfødsrets og naturalisering
67761,33164,politi og retsvæsen
67762,33164,politi og retsvæsen
96051,33486,sundhed og sociale forhold
96200,33462,sundhedspersonale og autorisation
97086,85396,databeskyttelse og dataetik
96531,33430,lejeboliger
96532,33052,retspleje og domstole
96528,33671,voksen- og efteruddannelse
96615,84066,dagtilbud
96616,33071,folkepension og førtidspension
96530,62455,kunstig befrugtning
96612,33089,universiteter
97301,33103,personskatter
97302,33103,personskatter
97137,33079,administration
97263,33104,flygtninge og asylansøgere
96613,33332,energiafgifter 
96043,33332,energiafgifter 
96361,85017,COVID-19 pandemien
96448,33222,medier
97303,33217,finanspolitik
97075,33206,miljøpolitik og miljøbeskyttelse
96946,33205,dyr og dyrevelfærd
97167,33120,socialpolitik
97168,33088,finansiel virksomhed
68002,33096,klima
97216,84800,arbejdsmarkedspolitik og beskæftigelsespolitik
98037,33337,moms 
98038,33337,moms 
98039,33337,moms 
97409,33508,ligebehandling
97074,84066,dagtilbud
97074,33318,folkeskolen
97412,33473,vand- og havmiljø
97337,33500,spil
97645,84066,dagtilbud
97410,33987,erhvervsdrivende virksomhed
97928,33318,folkeskolen
97413,33869,"fiskeri, fangst og landbrug"
97636,33981,vejtransport og trængsel
97638,33638,faste forbindelser
97417,33086,transportpolitik
97336,33364,jernbaneinfrastruktur
97649,33088,finansiel virksomhed
97217,33164,politi og retsvæsen
97492,33362,boligpolitik
97418,33323,udvisning og repatriering
97925,33103,personskatter
97416,85390,værdighed og ældrepolitik
97646,33473,vand- og havmiljø
97634,33466,energiforsyning
97411,33355,vandforsyning
97853,33052,retspleje og domstole
98564,34252,formueret og tinglysning
97654,33438,forvaltningsret og persondata
97917,85114,undersøgelseskommissioner
97653,33254,psykiatri
97650,33084,konkurrence- og forbrugerforhold
97647,62370,produktsikkerhed og autorisation
97926,33318,folkeskolen
97854,33318,folkeskolen
97415,33568,social service
97635,33466,energiforsyning
98000,33164,politi og retsvæsen
97652,33254,psykiatri
97655,33520,rygning og rusmiddelbrug
97648,33110,politi og våben
98364,33329,beskatning af fast ejendom 
98108,33326,familiesammenføring
97999,33052,retspleje og domstole
97919,33052,retspleje og domstole
98107,33341,kontanthjælp og uddannelseshjælp
98112,33516,hverv og økonomiske interesser
98110,33516,hverv og økonomiske interesser
98109,33516,hverv og økonomiske interesser
98264,33290,alternative og vedvarende energikilder
98274,33556,sociale ydelser
98626,33071,folkepension og førtidspension
97914,33909,vækst
97918,33164,politi og retsvæsen
98272,33222,medier
97924,33311,vejinfrastruktur
98278,84800,arbejdsmarkedspolitik og beskæftigelsespolitik
97921,33055,arbejdsmiljø og arbejdsskader
97923,34414,arbejdsmarkedspensioner 
97651,33052,retspleje og domstole
98113,33222,medier
98268,33322,uddannelsesstøtte
98368,33190,familieret
98365,33568,social service
98271,33077,udvalgsarbejde og -meddelelser
98388,33147,sundhedsfremme og sygdomsforebyggelse
98111,33088,finansiel virksomhed
98270,33054,indfødsrets og naturalisering
98280,33805,byfornyelse
98281,33805,byfornyelse
97656,33340,lægemidler og apoteker
98273,84085,klageforhold og klagenævn
98267,33520,rygning og rusmiddelbrug
98265,33462,sundhedspersonale og autorisation
98115,33048,patientrettigheder og patientsikkerhed
98114,33348,strafferet og kriminalitet
98363,33348,strafferet og kriminalitet
98269,33340,lægemidler og apoteker
98279,33430,lejeboliger
97927,33256,ophold og visum
68570,33326,familiesammenføring
98369,33332,energiafgifter 
97922,33290,alternative og vedvarende energikilder
98276,33084,konkurrence- og forbrugerforhold
98367,33332,energiafgifter 
98628,33290,alternative og vedvarende energikilder
99218,33061,økonomi og finans
100072,62455,kunstig befrugtning
100071,62455,kunstig befrugtning
99292,34097,sø- og skibsfart
99308,33987,erhvervsdrivende virksomhed
100075,62445,ejendomsdata
100076,62445,ejendomsdata
99220,33500,spil
98362,33466,energiforsyning
97916,33290,alternative og vedvarende energikilder
97920,62402,ophavsret
98366,33488,international beskatning 
98370,33332,energiafgifter 
98275,33129,handel og eksport
100073,33556,sociale ydelser
99274,33256,ophold og visum
99225,33754,virksomhedsskat
99219,33302,skattekontrol
99222,33331,motorkøretøjer
99231,33056,kollektiv transport
99299,33164,politi og retsvæsen
99276,33133,erhvervsuddannelser
99285,84800,arbejdsmarkedspolitik og beskæftigelsespolitik
99215,34063,klageinstanser og klagesager
99429,34252,formueret og tinglysning
99428,34252,formueret og tinglysning
99298,33247,civilret
99283,84800,arbejdsmarkedspolitik og beskæftigelsespolitik
99237,33141,naturbeskyttelse og kystsikring
99236,33205,dyr og dyrevelfærd
100266,34582,skifteret og konkurs
100267,33348,strafferet og kriminalitet
99282,84066,dagtilbud
99227,33290,alternative og vedvarende energikilder
99228,33059,energipolitik og energieffektivitet
99230,33086,transportpolitik
99288,35529,bestyrelser og ledelse
99233,33311,vejinfrastruktur
99307,33489,økonomi og bloktilskud
99295,33222,medier
99566,34591,selskaber og fonde
99280,33318,folkeskolen
99281,33318,folkeskolen
99279,33318,folkeskolen
99287,84799,aktiv beskæftigelsesindsats
99302,33217,finanspolitik
99567,33051,EU
99567,33084,konkurrence- og forbrugerforhold
99303,33217,finanspolitik
99289,33146,affald og kemikalier
99568,33405,selvstyreordningen og Rigsfællesskabet
99306,33489,økonomi og bloktilskud
99226,33179,olie- og naturgasindvinding
99573,33059,energipolitik og energieffektivitet
99572,34273,fossile brændstoffer
99571,33290,alternative og vedvarende energikilder
69175,33249,vederlag mv. til medlemmer og ministre 
99800,33256,ophold og visum
100403,33051,EU
99238,33469,Udlændingestyrelsen
100401,33051,EU
100496,33047,sundhedspolitik og sundhedsøkonomi
100495,33047,sundhedspolitik og sundhedsøkonomi
99564,35208,praksissektoren og kommunale sundhedsordninger
99300,33147,sundhedsfremme og sygdomsforebyggelse
99804,33088,finansiel virksomhed
99805,34591,selskaber og fonde
99806,33987,erhvervsdrivende virksomhed
99781,84066,dagtilbud
99782,84066,dagtilbud
99275,33133,erhvervsuddannelser
99277,33671,voksen- og efteruddannelse
99286,33556,sociale ydelser
99569,33054,indfødsrets og naturalisering
99290,33146,affald og kemikalier
99290,33206,miljøpolitik og miljøbeskyttelse
99799,33089,universiteter
99799,33671,voksen- og efteruddannelse
99809,34466,musik
99808,33853,"arkiver, biblioteker og museer"
99923,33302,skattekontrol
99922,85396,databeskyttelse og dataetik
99927,33348,strafferet og kriminalitet
100453,33801,boliger
100390,33164,politi og retsvæsen
100155,33111,PET og terrorbekæmpelse
100154,33164,politi og retsvæsen
100156,33556,sociale ydelser
100391,34097,sø- og skibsfart
99234,33293,gods- og erhvervstransport
100458,33406,arbejdsret og overenskomster
100392,33206,miljøpolitik og miljøbeskyttelse
99925,33473,vand- og havmiljø
99803,33206,miljøpolitik og miljøbeskyttelse
100538,33253,sygdomme og sygdomsbehandling
101345,33466,energiforsyning
101344,33466,energiforsyning
100800,33217,finanspolitik
100597,33348,strafferet og kriminalitet
100877,33054,indfødsrets og naturalisering
101041,34143,told
69350,33486,sundhed og sociale forhold
100799,33443,etik og forskning
101245,33048,patientrettigheder og patientsikkerhed
100798,33443,etik og forskning
100826,33833,erhverv og arbejdsmarked
69351,85385,cybersikkerhed og informationssikkerhed
69354,85385,cybersikkerhed og informationssikkerhed
69352,85385,cybersikkerhed og informationssikkerhed
100768,33492,landdistrikter
100876,33340,lægemidler og apoteker
101054,33671,voksen- og efteruddannelse
100777,84085,klageforhold og klagenævn
99224,33754,virksomhedsskat
101058,33343,arbejdsløshedsforsikring og dagpenge
69356,33638,faste forbindelser
100537,33568,social service
100537,33155,udsatte voksne
100677,33109,klimapolitik og klimaforandringer
101039,85381,digital service og digital transformation
101040,33147,sundhedsfremme og sygdomsforebyggelse
100875,33340,lægemidler og apoteker
101906,84800,arbejdsmarkedspolitik og beskæftigelsespolitik
101905,33055,arbejdsmiljø og arbejdsskader
101957,33290,alternative og vedvarende energikilder
102024,33103,personskatter
102023,33103,personskatter
101052,85565,grøn trepart
101050,33222,medier
101412,33843,trossamfund og menigheder
101055,33473,vand- og havmiljø
100874,33205,dyr og dyrevelfærd
101048,33311,vejinfrastruktur
101049,33936,syn og motorkøretøjer
101404,33329,beskatning af fast ejendom 
100878,33455,kulturarv og bygningsbevaring
101043,33322,uddannelsesstøtte
101956,33290,alternative og vedvarende energikilder
101044,33247,civilret
101410,33348,strafferet og kriminalitet
101409,33254,psykiatri
101587,33987,erhvervsdrivende virksomhed
101246,62370,produktsikkerhed og autorisation
101416,33071,folkepension og førtidspension
101057,33071,folkepension og førtidspension
101406,33190,familieret
101688,33217,finanspolitik
101413,33247,civilret
101585,84800,arbejdsmarkedspolitik og beskæftigelsespolitik
101419,33323,udvisning og repatriering
101421,33323,udvisning og repatriering
101415,33473,vand- og havmiljø
101051,33141,naturbeskyttelse og kystsikring
101056,33206,miljøpolitik og miljøbeskyttelse
101418,33311,vejinfrastruktur
101584,33323,udvisning og repatriering
101417,33089,universiteter
101402,85382,offentlige data og datadeling
101042,33466,energiforsyning
101139,33054,indfødsrets og naturalisering
101680,33568,social service
101679,33568,social service
101681,33568,social service
101444,33856,kriminalforsorg og afsoning
101693,33081,valg og folkeafstemninger
101691,33390,regioner
101689,35208,praksissektoren og kommunale sundhedsordninger
101408,33340,lægemidler og apoteker
102229,33987,erhvervsdrivende virksomhed
102230,33088,finansiel virksomhed
101704,33054,indfødsrets og naturalisering
101690,33390,regioner
101692,33425,kommuner
102151,33856,kriminalforsorg og afsoning
102152,33856,kriminalforsorg og afsoning
102232,33247,civilret
101702,33375,ligestilling og barsel
101703,33507,internationale forhold
101705,33364,jernbaneinfrastruktur
101705,33311,vejinfrastruktur
101696,33348,strafferet og kriminalitet
101694,34252,formueret og tinglysning
101403,34170,NATO
101806,83651,værnepligt
102231,33247,civilret
102265,33110,politi og våben
101318,33936,syn og motorkøretøjer
103113,62412,menneskehandel og illegal indvandring
103154,34257,fonds- og foreningsbeskatning
103148,33066,børne- og ungeydelse
103117,33290,alternative og vedvarende energikilder
103144,33088,finansiel virksomhed
103138,33987,erhvervsdrivende virksomhed
103143,33088,finansiel virksomhed
103140,33133,erhvervsuddannelser
103137,33671,voksen- og efteruddannelse
103147,33055,arbejdsmiljø og arbejdsskader
103800,33319,gymnasiale uddannelser
103801,33318,folkeskolen
103913,33055,arbejdsmiljø og arbejdsskader
103120,85554,hjælp til pårørende
103123,33316,erhvervsakademier og professionshøjskoler
103121,33753,forskning og innovation
103332,34022,kommuner og infrastruktur
103125,33086,transportpolitik
103116,33362,boligpolitik
103081,33217,finanspolitik
103135,33671,voksen- og efteruddannelse
103134,33318,folkeskolen
103151,33556,sociale ydelser
103150,33556,sociale ydelser
103129,33311,vejinfrastruktur
103082,33217,finanspolitik
103112,85396,databeskyttelse og dataetik
103331,83686,Det Økonomiske Råd
103153,33488,international beskatning 
103122,33047,sundhedspolitik og sundhedsøkonomi
103115,33253,sygdomme og sygdomsbehandling
103124,33047,sundhedspolitik og sundhedsøkonomi
103080,33217,finanspolitik
103493,33073,nordisk samarbejde
103406,33563,udviklingssamarbejde og humanitær bistand
103127,33292,DSB
103127,33364,jernbaneinfrastruktur
103145,33146,affald og kemikalier
103490,33727,folkekirken
103489,33051,EU
103330,33466,energiforsyning
103329,33466,energiforsyning
103328,33466,energiforsyning
103128,33247,civilret
103475,33164,politi og retsvæsen
103130,33438,forvaltningsret og persondata
103142,34022,kommuner og infrastruktur
103487,84799,aktiv beskæftigelsesindsats
103476,34399,folkeoplysning og højskoler
103410,33895,lufttrafik
103411,33311,vejinfrastruktur
70590,33331,motorkøretøjer
70591,33331,motorkøretøjer
103502,33134,"folketingsarbejdet, grundloven og forretningsordenen"
103483,33500,spil
103409,62445,ejendomsdata
103495,33120,socialpolitik
103481,33987,erhvervsdrivende virksomhed
103480,33987,erhvervsdrivende virksomhed
103482,83903,patent- og varemærkning
103479,33833,erhverv og arbejdsmarked
104028,33155,udsatte voksne
103494,33296,beredskab og civile opgaver
103791,33301,inddrivelse
103792,33856,kriminalforsorg og afsoning
103407,33247,civilret
103327,33155,udsatte voksne
104575,33254,psykiatri
104574,33254,psykiatri
103111,33405,selvstyreordningen og Rigsfællesskabet
103326,85384,it-løsninger og digital infrastruktur
70437,33071,folkepension og førtidspension
104066,33055,arbejdsmiljø og arbejdsskader
104246,33097,miljø
104068,33348,strafferet og kriminalitet
104247,33059,energipolitik og energieffektivitet
105024,33217,finanspolitik
105382,33801,boliger
105374,33051,EU
105381,33987,erhvervsdrivende virksomhed
105669,33987,erhvervsdrivende virksomhed
105379,33486,sundhed og sociale forhold
