sagid,oda_sagsomraade
1449,virksomhedsskat
12710,finanspolitik
12713,finanspolitik
12714,finanspolitik
12715,energiafgifter 
12979,international beskatning 
12980,international beskatning 
12981,tilskud og udligning
12982,international beskatning 
12983,international beskatning 
12984,moms |skattekontrol
12985,beskatning af aktier|moms |selskabsskatter |skattekontrol
12990,jagt- og vildtforvaltning
12991,arbejdsmarkedspolitik og beskæftigelsesindsats
12992,arbejdsret og overenskomster
12993,faste forbindelser
12994,sygefravær og sygedagpenge
12996,politi og retsvæsen
12997,landbrug
12998,fiskeri og havbrug
12999,landbrug
13000,civilret
13002,energipolitik og energieffektivitet
13004,turisme og oplevelsesøkonomi
13005,konkurrence- og forbrugerforhold
13007,patent- og varemærkning
13008,selskaber og fonde
13009,kunstneriske uddannelser
13011,ungdoms- og efterskoler
13014,lægemidler og apoteker
13015,erhvervsuddannelser
19585,byfornyelse
20241,indfødsrets og naturalisering
20242,fonds- og foreningsbeskatning|inddrivelse
20245,boliger til særlige grupper
20246,selskaber og fonde
20248,alternative og vedvarende energikilder
20249,olie- og naturgasindvinding
21315,byråd og regionsråd
21317,jernbaneinfrastruktur
21318,strafferet og kriminalitet
21319,jernbaneinfrastruktur
21320,erhvervsuddannelser|uddannelsesstøtte
21327,regnskab og revision
21420,administration
21423,flygtninge og asylansøgere
21424,færdselsret
21425,miljøpolitik og miljøbeskyttelse
21428,voksen- og efteruddannelse
21429,vejinfrastruktur
21430,voksen- og efteruddannelse
21431,rejser og besøg
21432,arbejdsmarkedspolitik og beskæftigelsesindsats
21433,finansiel virksomhed
21436,indvandrere og integration
21437,arbejdsmarkedspensioner 
21601,arbejdsmiljø og arbejdsskader
21602,arbejdsret og overenskomster
21604,naturbeskyttelse og kystsikring
21605,erhvervsudlejning
21606,naturbeskyttelse og kystsikring|råstoffer og skovbrug
21706,flygtninge og asylansøgere
21793,naturbeskyttelse og kystsikring
21794,patent- og varemærkning
21796,boligpolitik
21797,forskning og innovation
21798,forskning og innovation
21799,international ret og menneskerettigheder
21810,færdselsret
21811,færdselsret
21850,kursgevinstbeskatning
21852,miljøpolitik og miljøbeskyttelse
21853,finansiel virksomhed
21854,finansiel virksomhed
21855,familieret|udsatte børn og unge
21858,folkekirken
21859,arbejdsmarkedspolitik og beskæftigelsesindsats
21860,arbejdsløshedsforsikring og dagpenge
21861,kontanthjælp og uddannelseshjælp
21898,indfødsrets og naturalisering
21899,moms 
21900,motorkøretøjer
21901,inddrivelse
21902,inddrivelse
21903,arbejdsmarkedspolitik og beskæftigelsesindsats
21904,arbejdsmarkedspolitik og beskæftigelsesindsats
21979,sport og idræt
21980,arbejdsløshedsforsikring og dagpenge
21982,boligpolitik
21984,boligpolitik
21985,landbrug|natur og miljø
21986,finanspolitik
22036,rygning og rusmiddelbrug
22037,finansiel virksomhed
22145,indfødsrets og naturalisering
22146,kunstneriske og maritime uddannelser
22148,folkeskolen|frie grundskoler
22149,moms 
22152,familieret
22154,miljøpolitik og miljøbeskyttelse
22155,olie- og naturgasindvinding
22156,social service|udsatte børn og unge
22157,produktsikkerhed og autorisation
22159,økonomi og finans
22267,vejinfrastruktur
22270,dyr og dyrevelfærd
22271,lægemidler og apoteker
22272,udsatte voksne
22274,psykiatri
22505,udsatte voksne
22506,boligpolitik
22604,valg og folkeafstemninger
22605,international ret og menneskerettigheder
22606,energiafgifter |moms 
22607,miljøpolitik og miljøbeskyttelse
22608,jernbaneinfrastruktur
22609,faste forbindelser
22610,faste forbindelser
22611,dyr og dyrevelfærd
22612,energiforsyning
22613,energiforsyning
22614,finansiel virksomhed
22615,it og teleforsyning
22616,erhvervsdrivende virksomhed
22618,sociale ydelser
22619,erhvervsakademier og professionshøjskoler
22781,færgefart|kommuner
22783,jernbaneinfrastruktur
22784,boliger til særlige grupper
22870,fysisk planlægning
22871,vederlag mv. til medlemmer og ministre 
22873,alternative og vedvarende energikilder
22944,faste forbindelser
22945,faste forbindelser
22946,byggeri
22947,byggeri
22948,erhvervsdrivende virksomhed|finansiel virksomhed
22951,socialpolitik
22954,udviklingssamarbejde og humanitær bistand
22955,"arkiver, biblioteker og museer"
22957,undervisning til unge med særlige behov
22958,folkeskolen
23127,Udlændingestyrelsen
27237,indvandrere og integration
27238,økonomi og finans
27241,selskabsskatter 
27242,børne- og ungeydelse
27703,arbejdsmarkedspolitik og beskæftigelsesindsats
27704,ligebehandling
27705,arbejdsmarkedspolitik og beskæftigelsesindsats
27706,erhverv og arbejdsmarked
27708,international beskatning 
27709,finanspolitik
27710,beskatning af fast ejendom 
27711,skattekontrol
27712,finanspolitik
27713,spil
27715,spil
27716,finanspolitik
27717,inddrivelse
27718,afstemninger|forbehold|retlige anliggender
27719,energipolitik og energieffektivitet
27720,energipolitik og energieffektivitet
27722,efterretningstjeneste og sikkerhedspolitik
27723,vejinfrastruktur
27724,efterretningstjeneste og sikkerhedspolitik
27725,erhverv og arbejdsmarked
27727,retspleje og domstole
27728,PET og terrorbekæmpelse
27729,flygtninge og asylansøgere
27730,PET og terrorbekæmpelse
27731,flygtninge og asylansøgere
27732,familieret
27733,familieret|socialforvaltning og retssikkerhed
27734,valg og folkeafstemninger
27955,alternative og vedvarende energikilder
28059,arbejdsmarkedspolitik og beskæftigelsesindsats
28061,videregående uddannelse
28064,EU
28065,sundhed og sociale forhold
28067,indfødsrets og naturalisering
28068,vækst og konkurrenceevne
28069,finansiel virksomhed
28070,lufttrafik
28071,finansiel virksomhed
28180,folkepension og førtidspension
28181,politi og retsvæsen
28182,sundhedsfremme og sygdomsforebyggelse
28183,politi og retsvæsen
28185,retspleje og domstole
28302,fødevarer
28303,sygefravær og sygedagpenge
28304,aktivering og jobformidling
28305,skattekontrol
28306,miljø- og genteknologi
28308,vand- og havmiljø
28309,kursgevinstbeskatning
28310,handel og eksport
28311,praksissektoren og kommunale sundhedsordninger|sundhedsfremme og sygdomsforebyggelse
28312,ejer- og andelsboliger
28313,gymnasiale uddannelser
28315,energipolitik og energieffektivitet
28316,retspleje og domstole
28400,energiafgifter 
28401,motorkøretøjer
28402,punktafgifter
28403,landbrug
28404,personskatter
28405,indfødsretsprøve
28406,frie grundskoler
28412,flygtninge og asylansøgere
28466,arbejdsløshedsforsikring og dagpenge
28471,motorkøretøjer
46075,sygehuse og akutberedskab
67309,flygtninge og asylansøgere
67310,flygtninge og asylansøgere
67370,ophavsret
67371,kunstig befrugtning
67375,kriminalforsorg og afsoning
67376,DSB
67377,PET og terrorbekæmpelse|kriminalforsorg og afsoning
67378,PET og terrorbekæmpelse|kriminalforsorg og afsoning
67379,færdselsret
67380,familiesammenføring|flygtninge og asylansøgere
67383,familieret
67384,landbrug
67551,køn og ligestillingsvurdering
67552,arbejdsmarkedspolitik og beskæftigelsesindsats
67553,erhvervsdrivende virksomhed
67554,beskatning af fast ejendom 
67555,personskatter
67556,retspleje og domstole
67557,alternative og vedvarende energikilder
67558,vandforsyning
67560,energipolitik og energieffektivitet
67561,alternative og vedvarende energikilder
67644,moms 
67645,moms 
67729,byggeri
67730,kollektiv transport
67731,finansiel virksomhed
67733,familieret
67734,told
67748,flygtninge og asylansøgere
67749,sygdomme og sygdomsbehandling
67751,selskabsskatter 
67752,personskatter
67753,beskatning af aktier
67754,sundheds it
67755,flygtninge og asylansøgere
67756,strafferet og kriminalitet
67757,folkeskolen
67758,folkeskolen
67759,sundheds it
67760,gymnasiale uddannelser
67761,politi og retsvæsen
67762,politi og retsvæsen
67763,PET og terrorbekæmpelse
67764,kriminalforsorg og afsoning
67768,finanspolitik
67802,ældre
67875,arbejdsret og overenskomster
67876,rygning og rusmiddelbrug
67877,flygtninge og asylansøgere
67878,EU
67879,politi og våben
67880,indfødsrets og naturalisering
67881,boligpolitik
67919,indfødsrets og naturalisering
67920,indfødsrets og naturalisering
67971,kontanthjælp og uddannelseshjælp
67985,forvaltningsret og persondata
68002,klima
68060,inddrivelse
68063,patientrettigheder og patientsikkerhed
68065,miljøpolitik og miljøbeskyttelse
68066,sø- og skibsfart
68068,social service
68223,arbejdsløshedsforsikring og dagpenge
68224,arbejdsmarkedspolitik og beskæftigelsesindsats
68230,internationale organisationer
68232,uddannelsesstøtte
68233,medier
68234,videregående uddannelse
68236,videregående uddannelse
68237,vejinfrastruktur
68238,forskning og innovation
68241,inddrivelse
68242,beskatning af aktier
68243,færdselsret
68244,rygning og rusmiddelbrug
68245,lufttrafik
68246,etik og forskning
68247,dyr og dyrevelfærd
68248,sygdomme og sygdomsbehandling
68249,sø- og skibsfart
68250,forvaltningsret og persondata
68251,valg og folkeafstemninger
68252,social service
68382,folkepension og førtidspension
68383,finansiel virksomhed
68384,miljøpolitik og miljøbeskyttelse
68385,miljøpolitik og miljøbeskyttelse
68570,familiesammenføring
68655,råstoffer og udvinding|sundhed og sociale forhold
68658,erhverv og arbejdsmarked
68659,finansiel virksomhed
68660,boligpolitik|byfornyelse
68661,boligpolitik
68662,socialpolitik|udsatte børn og unge
68663,socialpolitik|udsatte børn og unge
68676,beredskab og civile opgaver
68679,energiforsyning
68681,sundhedspolitik og sundhedsøkonomi
68689,rygning og rusmiddelbrug
68691,motorkøretøjer|personskatter
68692,arbejdsmarkedspolitik og beskæftigelsesindsats
68693,erhverv og arbejdsmarked
68799,indvandrere og integration
68850,ophold og visum
68953,energiforsyning
68954,alternative og vedvarende energikilder
68955,arbejdsmarkedspolitik og beskæftigelsesindsats
68956,arbejdsmarkedspolitik og beskæftigelsesindsats
69055,kulturarv og bygningsbevaring
69056,indfødsrets og naturalisering
69116,færgefart
69139,kommuner
69140,skifteret og konkurs
69143,arbejdsløshedsforsikring og dagpenge
69144,patientrettigheder og patientsikkerhed
69145,arbejdsløshedsforsikring og dagpenge
69175,vederlag mv. til medlemmer og ministre 
69214,undervisning til unge med særlige behov
69215,kriminalforsorg og afsoning
69216,kriminalforsorg og afsoning
69217,flygtninge og asylansøgere
69218,indvandrere og integration
69219,alternative og vedvarende energikilder
69340,personskatter
69341,personskatter
69350,sundhed og sociale forhold
69351,cybersikkerhed og informationssikkerhed
69352,cybersikkerhed og informationssikkerhed
69354,cybersikkerhed og informationssikkerhed
69356,faste forbindelser
69554,færdselsret
69555,færdselsret
69560,strafferet og kriminalitet
69561,strafferet og kriminalitet
69641,familiesammenføring
69642,indvandrere og integration
70226,finanspolitik
70235,arbejdsmarkedspolitik og beskæftigelsesindsats
70236,finansielle forhold|finanspolitik
70237,vand- og havmiljø
70238,finansielle forhold|finanspolitik
70240,energiafgifter 
70241,selvstyreordningen og Rigsfællesskabet
70242,klageinstanser og klagesager|omkostningsgodtgørelse
70244,Det Økonomiske Råd
70245,fonds- og foreningsbeskatning
70246,lægemidler og apoteker
70249,frie grundskoler
70252,hjemmeværnet
70253,kirkelige handlinger og ritualer
70254,formueret og tinglysning
70258,retspleje og domstole
70259,retspleje og domstole
70261,politi og våben|strafferet og kriminalitet
70262,selskaber og fonde
70264,handel og eksport
70265,erhvervsdrivende virksomhed
70267,indfødsrets og naturalisering
70268,udvalgsarbejde og -meddelelser
70269,Flygtningenævnet
70270,socialpolitik
70271,EU
70272,social service
70273,folkeregistret og borgerservice
70409,finansiel virksomhed
70410,finansiel virksomhed
70411,handel og eksport
70437,folkepension og førtidspension
70543,fysisk planlægning
70544,indfødsrets og naturalisering
70545,kriminalforsorg og afsoning
70546,sundhedsfremme og sygdomsforebyggelse
70547,fødevarer
70548,dyr og dyrevelfærd
70590,motorkøretøjer
70591,motorkøretøjer
70687,arbejdsløshedsforsikring og dagpenge
70688,arbejdsmarkedspolitik og beskæftigelsesindsats
70689,naturbeskyttelse og kystsikring
70690,miljøpolitik og miljøbeskyttelse
70691,dyr og dyrevelfærd
70692,erhverv og arbejdsmarked
70694,sundhedspolitik og sundhedsøkonomi
70695,sundhedspolitik og sundhedsøkonomi
70696,gymnasiale uddannelser
70697,gymnasiale uddannelser
70698,it og teleforsyning
70699,udviklingsbistand
70701,alternative og vedvarende energikilder
70702,geodata og kort
70703,videregående uddannelse
70704,geodata og kort
70705,veteraner
70707,faste forbindelser
70708,politi og retsvæsen
70709,færdselsret
70710,forvaltningsret og persondata
70711,strafferet og kriminalitet
70712,PET og terrorbekæmpelse
70713,kulturelle og religiøse forhold
70714,sundhed og sociale forhold
70715,social service
70716,udvisning og repatriering
70717,kulturelle og religiøse forhold
70718,folkeregistret og borgerservice
70719,ophold og visum
70720,socialpolitik
70723,kommuner
70804,ophold og visum
70805,militært materiel
70806,erhvervsuddannelser
70867,arbejdsløshedsforsikring og dagpenge
70868,voksen- og efteruddannelse
70869,frie grundskoler
70870,voksen- og efteruddannelse
70871,energiforsyning
70872,alternative og vedvarende energikilder|energiforsyning
70905,motorkøretøjer
71012,patientrettigheder og patientsikkerhed
71013,socialpolitik
71022,dag- og klubtilbud
71023,dag- og klubtilbud
71139,erhvervsdrivende virksomhed
71340,vejinfrastruktur
71341,folkeskolen
71342,strafferet og kriminalitet
71343,dagtilbud
71344,vederlag mv. til medlemmer og ministre 
71345,vand- og havmiljø
71346,miljøpolitik og miljøbeskyttelse
71347,aktivering og jobformidling
71348,personskatter
71349,personskatter
71350,Udlændingenævnet
71351,personskatter
71352,beskatning af fast ejendom 
71353,patientrettigheder og patientsikkerhed
71384,social service
71387,vederlag mv. til medlemmer og ministre 
71429,beskatning af fast ejendom 
71430,beskatning af fast ejendom 
71511,erhvervsdrivende virksomhed
71512,internationale forhold
71513,dyr og dyrevelfærd
71579,finansielle forhold
71749,fysisk planlægning
71750,ophold og visum
71751,syn og motorkøretøjer
71752,folkeskolen
71753,forskning og innovation
71754,miljøpolitik og miljøbeskyttelse|naturbeskyttelse og kystsikring
71755,forskning og innovation
71756,it og teleforsyning
71819,valg og folkeafstemninger
71820,valg og folkeafstemninger
71970,aktivering og jobformidling
72009,politi og retsvæsen
72010,boligpolitik|byggeri
72011,"arkiver, biblioteker og museer"
72012,strafferet og kriminalitet
72013,patientrettigheder og patientsikkerhed
72014,satspulje
72015,EU
72016,ligestilling og barsel
72134,efterretningstjeneste og sikkerhedspolitik
72135,kommuner
72136,erhverv og arbejdsmarked
72138,boligpolitik
72139,universiteter
72140,færdselsret
72141,inddrivelse
72143,miljø- og genteknologi
72150,indvandrere og integration
72257,folkepension og førtidspension
72422,finansiel virksomhed
72423,finansiel virksomhed
72424,transportpolitik
72425,folkekirken
72427,handel og eksport
72428,medier
72429,familieret
72430,indvandrere og integration
72431,social service
72432,flygtninge og asylansøgere
72433,dyr og dyrevelfærd
72438,kulturarv og bygningsbevaring
72447,indvandrere og integration
72540,landbrug
72542,familiesammenføring
72543,familiesammenføring
72544,kommunal og regional økonomi|kommuner
72545,ejer- og andelsboliger
72659,EU
72661,EU
72662,gymnasiale uddannelser
72663,socialpolitik
72664,socialpolitik
72665,familieret|socialpolitik
72666,familieret|socialpolitik
72667,politi og våben
72668,afgift af dødsboer og gaver 
72671,psykiatri
72672,alternative og vedvarende energikilder
72673,universiteter
72674,selskaber og fonde
72675,Udlændingestyrelsen
72676,flygtninge og asylansøgere
72677,flygtninge og asylansøgere
72679,strafferet og kriminalitet
72815,finansiel virksomhed
72816,flygtninge og asylansøgere
72890,indfødsrets og naturalisering
73006,retspleje og domstole
73007,strafferet og kriminalitet
73008,arbejdsløshedsforsikring og dagpenge
73010,strafferet og kriminalitet
73011,universiteter
73012,retspleje og domstole
73013,spil
73014,personskatter
73015,valg og folkeafstemninger
73016,virksomhedsskat
73017,færgefart
73018,kommuner
73019,erhvervsuddannelser|folkeskolen
73021,"partistøtte, partiregnskaber og gruppestøtte"
73100,psykiatri
73101,sygdomme og sygdomsbehandling
73102,ejendomsdata
73103,kommunale skatter
73105,motorkøretøjer
73106,socialforvaltning og retssikkerhed
73120,sundhedspersonale og autorisation
73132,færdselsret
73133,færdselsret
73162,energiforsyning
73223,politi og våben
73225,moms |tinglysningsafgift 
73226,administration
73332,praksissektoren og kommunale sundhedsordninger
73333,praksissektoren og kommunale sundhedsordninger
73452,retspleje og domstole
73453,retspleje og domstole
74084,finansielle forhold
74085,finansielle forhold
74087,finansielle forhold
74143,skifteret og konkurs
74145,strafferet og kriminalitet
74146,strafferet og kriminalitet
74147,strafferet og kriminalitet
74148,strafferet og kriminalitet
74151,færdselsret
74152,EU|transportpolitik
74153,efterretningstjeneste og sikkerhedspolitik
74154,boligpolitik|lejeboliger
74155,jernbaneinfrastruktur
74156,turisme og oplevelsesøkonomi
74157,boligpolitik|lejeboliger
74158,transportpolitik
74159,erhvervsdrivende virksomhed
74160,færdselsret|syn og motorkøretøjer
74161,konkurrence- og forbrugerforhold
74162,kollektiv transport|transportpolitik
74163,folkekirken
74165,erhvervsdrivende virksomhed
74166,kulturarv og bygningsbevaring
74167,finansiel virksomhed
74168,medier
74170,ungdoms- og efterskoler
74171,folkeskolen
74172,kommunal og regional økonomi
74174,sundhed og sociale forhold
74175,familieret
74176,dyr og dyrevelfærd
74177,EU
74178,naturbeskyttelse og kystsikring
74179,miljøpolitik og miljøbeskyttelse
74180,EU
74181,økonomi og bloktilskud
74182,arbejdsmiljø og arbejdsskader
74183,ophold og visum
74184,pensions- og pensionsafkastbeskatning
74185,fiskeri og havbrug
74186,motorkøretøjer
74187,energiafgifter 
74188,kunstneriske og maritime uddannelser
74189,skattekontrol
74190,erhvervsakademier og professionshøjskoler
74191,skattekontrol
74192,skattekontrol
74193,motorkøretøjer
74194,energiforsyning
74195,etik og forskning
74197,lægemidler og apoteker
74198,sundhedspolitik og sundhedsøkonomi
74199,olie- og naturgasindvinding
74200,etik og forskning
74201,energiforsyning
74202,it og teleforsyning
74203,olie- og naturgasindvinding
74205,olie- og naturgasindvinding
74322,kommunal og regional økonomi|kommuner
74324,international beskatning 
74418,byfornyelse
74421,dyr og dyrevelfærd
74422,PET og terrorbekæmpelse
74423,alternative og vedvarende energikilder
74424,indfødsrets og naturalisering|indfødsretsprøve
74425,forvaltningsret og persondata
74426,flygtninge og asylansøgere
74557,handel og eksport
74558,folkeoplysning og højskoler
74559,regnskab og revision
74560,erhvervsuddannelser
74561,produktsikkerhed og autorisation
74562,erhvervsuddannelser
74563,erhvervsuddannelser
74564,kommunal og regional økonomi
74565,erhvervsuddannelser|gymnasiale uddannelser
74566,kommunal og regional økonomi
74567,dyr og dyrevelfærd|jagt- og vildtforvaltning|naturbeskyttelse og kystsikring
74569,aktivering og jobformidling
74590,alternative og vedvarende energikilder
74591,alternative og vedvarende energikilder
74663,strafferet og kriminalitet
74664,finansiel virksomhed|fysisk planlægning
74666,voksen- og efteruddannelse
74667,naturbeskyttelse og kystsikring
74668,naturbeskyttelse og kystsikring
74669,kommuner
74670,vand- og havmiljø
74671,miljøpolitik og miljøbeskyttelse
74672,sygefravær og sygedagpenge
74673,fonds- og foreningsbeskatning
74674,efterløn og fleksjob
74675,virksomhedsskat
74676,arbejdsløshedsforsikring og dagpenge
74677,sundhed og sociale forhold
74678,flygtninge og asylansøgere
74679,sundhedsfremme og sygdomsforebyggelse
74681,sundhedsfremme og sygdomsforebyggelse
74684,indvandrere og integration
74699,punktafgifter
74703,"folketingsarbejdet, grundloven og forretningsordenen"
74771,personskatter
74772,personskatter
74803,kulturarv og bygningsbevaring
74804,erhvervsuddannelser
74805,sundhedsfremme og sygdomsforebyggelse
74806,Danmarks Statistik
74807,kriminalforsorg og afsoning
74820,sø- og skibsfart
74821,sø- og skibsfart
74896,arbejdsmarkedspolitik og beskæftigelsesindsats
74897,arbejdsmarkedspolitik og beskæftigelsesindsats
74899,strafferet og kriminalitet
74997,social service
74998,indvandrere og integration
74999,politi og våben|strafferet og kriminalitet
75034,barsel
75035,energiafgifter 
75130,sø- og skibsfart
75131,erhvervsdrivende virksomhed
75133,digitalisering
75178,finanspolitik
75221,landbrug
75222,menighedsråd
75308,frie grundskoler
75309,erhvervsuddannelser
75317,fysisk planlægning
75318,fysisk planlægning
75383,videregående uddannelse
75384,etik og forskning
75386,sundhedsfremme og sygdomsforebyggelse
75466,strafferet og kriminalitet
75467,beredskab og civile opgaver
75469,produktsikkerhed og autorisation
75475,valg og folkeafstemninger
75480,folkepension og førtidspension
75481,transportpolitik
75482,transportpolitik
75484,sundhedspolitik og sundhedsøkonomi
75485,sundhedspolitik og sundhedsøkonomi
75486,ophold og visum
75487,ophold og visum
75497,familiesammenføring
75498,familiesammenføring
75597,strafferet og kriminalitet
75598,erhvervsdrivende virksomhed
75599,fiskeri og havbrug
75600,digitalisering
75601,inddrivelse
75663,EU
75664,politi og våben
75665,retspleje og domstole
75666,lufttrafik
75667,transportpolitik
75668,retspleje og domstole
75669,byggeri
75670,frie grundskoler
75671,forsvaret
75672,socialforvaltning og retssikkerhed
75673,socialforvaltning og retssikkerhed
75674,dagtilbud
75675,erhvervsdrivende virksomhed
75676,ejer- og andelsboliger
75677,sø- og skibsfart
75678,fødevarer
75679,folkeregistret og borgerservice
75680,naturbeskyttelse og kystsikring
75681,udvisning og repatriering
75682,fiskeri og havbrug|vand- og havmiljø
75683,energiforsyning
75684,alternative og vedvarende energikilder
75685,personskatter
75686,personskatter
75687,beskatning af fast ejendom 
75688,energiforsyning
75689,motorkøretøjer
75690,praksissektoren og kommunale sundhedsordninger
75790,vand- og havmiljø
75791,politi og våben
75792,naturbeskyttelse og kystsikring
75795,videregående uddannelse
75796,finansiel virksomhed
75797,flygtninge og asylansøgere
75799,arbejdsmiljø og arbejdsskader
75884,strafferet og kriminalitet
75885,retspleje og domstole
75886,forvaltningsret og persondata
75887,strafferet og kriminalitet
75888,fysisk planlægning
75890,ældre
75897,valg og folkeafstemninger
75900,ældre
75901,ældre
75904,boligpolitik|lejeboliger
75905,frie grundskoler
75906,frie grundskoler
75907,frie grundskoler
75908,frie grundskoler
75910,handicappede
75911,virksomhedsskat
75912,arbejdsløshedsforsikring og dagpenge
75913,sundhedspolitik og sundhedsøkonomi
75914,sygdomme og sygdomsbehandling
75915,sygdomme og sygdomsbehandling
75916,arbejdsmarkedspolitik og beskæftigelsesindsats
75917,alternative og vedvarende energikilder
75918,folkepension og førtidspension
75919,indvandrere og integration
75920,Udlændingestyrelsen
75924,EU
75925,EU
76006,landbrug
76073,strafferet og kriminalitet
76074,strafferet og kriminalitet
76075,kommuner
76076,energiafgifter 
76132,indfødsrets og naturalisering
76141,flygtninge og asylansøgere
76142,flygtninge og asylansøgere
76199,ophavsret
76202,jagt- og vildtforvaltning
76203,jagt- og vildtforvaltning
76205,inddrivelse
76206,social service
76207,patientrettigheder og patientsikkerhed
76208,Udlændingestyrelsen
76210,Udlændingestyrelsen
76211,strafferet og kriminalitet
76212,forvaltningsret og persondata
76233,gods- og erhvervstransport
76279,kommuner
76280,ophold og visum
76281,praksissektoren og kommunale sundhedsordninger
76284,personskatter
76446,erhvervsdrivende virksomhed
76447,erhvervsdrivende virksomhed
77169,finanspolitik
77170,finanspolitik
77171,finanspolitik
77231,regnskab og revision
77232,kriminalforsorg og afsoning
77236,retspleje og domstole
77237,sø- og skibsfart
77239,handel og eksport
77240,retspleje og domstole
77242,politi og retsvæsen
77243,turisme og oplevelsesøkonomi
77244,turisme og oplevelsesøkonomi
77246,turisme og oplevelsesøkonomi
77247,uddannelsesstøtte
77248,miljøpolitik og miljøbeskyttelse
77249,beredskab og civile opgaver
77250,dyr og dyrevelfærd
77251,vand- og havmiljø
77252,værnepligt
77253,jernbaneinfrastruktur
77254,jernbaneinfrastruktur
77255,jernbaneinfrastruktur
77256,valg og folkeafstemninger
77257,kommuner
77258,jernbaneinfrastruktur|kollektiv transport
77259,færdselsret
77260,kommuner
77261,havne
77262,dagtilbud
77263,dagtilbud
77264,færdselsret
77265,boligpolitik|byggeri|ghettoer og udsatte boligområder|lejeboliger
77266,byggeri|ghettoer og udsatte boligområder|lejeboliger
77267,medier
77268,medier
77269,arbejdsmarkedspensioner 
77270,folkeoplysning og højskoler
77272,voksen- og efteruddannelse
77273,arbejdsmarkedspolitik og beskæftigelsesindsats
77274,frie grundskoler
77275,folkeskolen
77276,arbejdsløshedsforsikring og dagpenge
77278,arbejdsløshedsforsikring og dagpenge
77279,international beskatning 
77281,international beskatning 
77282,international beskatning 
77283,international beskatning 
77284,it og teleforsyning
77285,fonds- og foreningsbeskatning
77286,energiforsyning
77288,lægemidler og apoteker
77290,personskatter
77291,lægemidler og apoteker
77292,beskatning af aktier
77293,socialpolitik
77294,sundhedspersonale og autorisation
77295,lægemidler og apoteker
77297,sundhedspolitik og sundhedsøkonomi
77301,social service
77480,sygefravær og sygedagpenge
77481,erhverv og arbejdsmarked
77482,voksen- og efteruddannelse
77483,boliger til særlige grupper|lejeboliger|studie- og ungdomsboliger
77579,retspleje og domstole
77580,finansiel virksomhed
77581,miljøpolitik og miljøbeskyttelse
77582,strafferet og kriminalitet
77583,alternative og vedvarende energikilder
77585,strafferet og kriminalitet
77586,indfødsrets og naturalisering
77587,arbejdsmarkedspolitik og beskæftigelsesindsats
77588,strafferet og kriminalitet
77589,sociale ydelser
77590,politi og våben
77642,energiafgifter 
77683,arbejdsmarkedspensioner 
77707,uddannelsesstøtte
77709,forskning og innovation
77710,familieret
77711,familieret
77787,EU|regnskab og revision
77788,PET og terrorbekæmpelse
77790,boligpolitik
77791,erhvervsuddannelser
77793,erhvervsuddannelser
77794,strafferet og kriminalitet
77795,virksomhedsskat
77796,strafferet og kriminalitet
77797,spil
77798,internationale forhold
77799,miljøafgifter|punktafgifter
77800,personskatter|selskabsskatter 
77801,ligebehandling
77802,sygdomme og sygdomsbehandling
77803,sygdomme og sygdomsbehandling
77804,fiskeri og havbrug
77805,praksissektoren og kommunale sundhedsordninger
77806,sundhedsfremme og sygdomsforebyggelse
77807,alternative og vedvarende energikilder
77892,beskatning af fast ejendom 
77893,beskatning af aktier
77894,forvaltningsret og persondata
77968,lægemidler og apoteker
77969,lægemidler og apoteker
77997,formueret og tinglysning
77998,flygtninge og asylansøgere
78024,miljøafgifter
78025,miljøafgifter
78028,personskatter
78029,personskatter
78053,strafferet og kriminalitet
78054,strafferet og kriminalitet
78124,retspleje og domstole
78125,indvandrere og integration
78126,familiesammenføring
78152,affald og renovation
78181,finansiel virksomhed
78182,finansiel virksomhed
78221,motorkøretøjer
78240,politi og våben
78241,politi og retsvæsen
78243,sundhedsfremme og sygdomsforebyggelse
78244,sundhedsfremme og sygdomsforebyggelse
78245,frie grundskoler
78247,selskaber og fonde
78303,fysisk planlægning
78304,fysisk planlægning
78330,faste forbindelser
78335,energiafgifter 
78336,psykiatri
78337,folkepension og førtidspension
78346,EU|international beskatning 
78398,strafferet og kriminalitet
78454,flygtninge og asylansøgere
78536,finanspolitik
78566,landbrug
78567,arbejdsmarkedspensioner 
78568,ældre
78569,arbejdsmarkedspolitik og beskæftigelsesindsats
78570,miljøafgifter
78571,personskatter
78616,naturbeskyttelse og kystsikring
78617,jagt- og vildtforvaltning
78618,naturbeskyttelse og kystsikring
78664,strafferet og kriminalitet
78667,familieret
78668,konkurrence- og forbrugerforhold
78669,familieret
78670,selskaber og fonde
78672,konkurrence- og forbrugerforhold
78675,DSB|byggeri
78676,kulturelle og religiøse forhold
78678,voksen- og efteruddannelse
78680,energiafgifter 
78681,inddrivelse
78798,EU
78799,ophold og visum
78900,selskaber og fonde
78901,økonomi og bloktilskud
78902,økonomi og bloktilskud
78903,finansiel virksomhed
78904,turisme og oplevelsesøkonomi
78906,uddannelsesstøtte
78907,miljøpolitik og miljøbeskyttelse
78911,transportpolitik
78912,byfornyelse
78914,jernbaneinfrastruktur
78916,"arkiver, biblioteker og museer"
78918,retspleje og domstole
78919,retspleje og domstole
78921,sundhedsfremme og sygdomsforebyggelse|sygdomme og sygdomsbehandling
78923,sygefravær og sygedagpenge
78924,energiforsyning
78925,alternative og vedvarende energikilder
78926,arbejdsret og overenskomster
78927,olie- og naturgasindvinding
78928,køn og ligestillingsvurdering
79116,erhvervsdrivende virksomhed
79117,erhvervsdrivende virksomhed
79118,erhvervsakademier og professionshøjskoler|universiteter
79119,syn og motorkøretøjer
79121,syn og motorkøretøjer
79122,gymnasiale uddannelser
79123,erhvervsuddannelser|folkeskolen|gymnasiale uddannelser
79124,færgefart
79125,arbejdsmiljø og arbejdsskader
79165,folkeskolen
79166,folkeskolen|gymnasiale uddannelser
79190,motorkøretøjer
79295,frie grundskoler
79300,efterretningstjeneste og sikkerhedspolitik
79302,indvandrere og integration
79303,arbejdsmiljø og arbejdsskader
79305,arbejdsmarkedspolitik og beskæftigelsesindsats
79306,arbejdsmarkedspolitik og beskæftigelsesindsats
79379,moms 
79392,sundhedspolitik og sundhedsøkonomi
79448,folkeskolen
79477,kriminalforsorg og afsoning
79478,kriminalforsorg og afsoning
79550,sygehuse og akutberedskab
79551,sygehuse og akutberedskab
79552,sygehuse og akutberedskab
79567,indvandrere og integration
79568,indvandrere og integration
79569,indvandrere og integration
79570,fiskeri og havbrug
79571,fiskeri og havbrug
80006,valg og folkeafstemninger
80321,finanspolitik
80322,finanspolitik
80326,menighedsråd
80328,scenekunst
80329,vand- og havmiljø
80330,lejeboliger
80331,politi og retsvæsen
80332,byggeri
80333,efterløn og fleksjob|folkepension og førtidspension
80334,folkepension og førtidspension
80335,konkurrence- og forbrugerforhold
80336,retspleje og domstole
80337,konkurrence- og forbrugerforhold
80339,syn og motorkøretøjer
80340,jernbaneinfrastruktur
80342,sundhedsfremme og sygdomsforebyggelse
80343,etik og forskning
80344,dyr og dyrevelfærd
80345,dyr og dyrevelfærd
80347,dyr og dyrevelfærd
80348,social service
80349,energiforsyning|energipolitik og energieffektivitet
80350,familieret
80351,energiforsyning|energipolitik og energieffektivitet
80352,inddrivelse
80354,inddrivelse
80355,kursgevinstbeskatning
80356,pensions- og pensionsafkastbeskatning
80357,klageinstanser og klagesager
80360,motorkøretøjer
80361,beskatning af aktier
80363,strafferet og kriminalitet
80537,politi og retsvæsen
80541,virksomhedsskat
80676,indfødsrets og naturalisering
80726,indfødsrets og naturalisering
80727,alternative og vedvarende energikilder
80728,alternative og vedvarende energikilder
80833,PET og terrorbekæmpelse
80836,familiesammenføring
80915,sociale ydelser
80916,forvaltningsret og persondata
80917,finansiel virksomhed
80919,EU
80921,skattekontrol
81029,social service
81030,valg og folkeafstemninger
81031,affald og kemikalier|miljøpolitik og miljøbeskyttelse
81032,vandforsyning
81034,aktiv beskæftigelsesindsats
81035,aktiv beskæftigelsesindsats
81036,sygefravær og sygedagpenge
81037,energiforsyning
81038,finansiel virksomhed
81039,gymnasiale uddannelser|voksen- og efteruddannelse
81040,gymnasiale uddannelser|voksen- og efteruddannelse
81041,gymnasiale uddannelser|voksen- og efteruddannelse
81042,landbrug
81149,social service
81154,vederlag mv. til medlemmer og ministre 
81155,arbejdsmarkedspensioner 
81156,sociale ydelser
81157,arbejdsmiljø og arbejdsskader
81161,personskatter
81163,afgift af dødsboer og gaver 
81204,EU|moms 
81205,moms 
81249,strafferet og kriminalitet
81250,dyr og dyrevelfærd
81253,syn og motorkøretøjer
81255,gymnasiale uddannelser
81377,energiafgifter 
81500,indfødsrets og naturalisering
81501,naturbeskyttelse og kystsikring
81575,strafferet og kriminalitet
81576,socialpolitik
81578,personskatter
81579,sygdomme og sygdomsbehandling
81580,sundhedspersonale og autorisation
81581,arbejdsløshedsforsikring og dagpenge
81596,beskatning af fast ejendom 
81597,beskatning af fast ejendom 
81598,international beskatning 
81600,motorkøretøjer
81601,motorkøretøjer
81602,international beskatning 
81603,international beskatning 
81605,inddrivelse
81678,PET og terrorbekæmpelse
81780,affald og kemikalier
81781,videregående uddannelse
81782,jord- og luftforurening
81783,ejer- og andelsboliger
81869,tinglysningsafgift 
81870,gymnasiale uddannelser
81945,finansielle forhold|finanspolitik
81946,gymnasiale uddannelser
81955,dødsboskat
81956,motorkøretøjer
81957,personskatter
82039,retspleje og domstole
82040,medier
82041,politi og retsvæsen
82043,strafferet og kriminalitet
82044,retspleje og domstole
82045,forvaltningsret og persondata
82046,kommuner
82047,finansiel virksomhed
82048,videregående uddannelse|voksen- og efteruddannelse
82144,indvandrere og integration
82145,affald og kemikalier
82153,social service
82154,social service
82156,fysisk planlægning
82157,fysisk planlægning
82230,strafferet og kriminalitet
82231,energipolitik og energieffektivitet
82232,patent- og varemærkning
82233,energipolitik og energieffektivitet
82236,handel og eksport
82237,klimapolitik og klimaforandringer
82245,lufttrafik
82252,folkeskolen
82417,moms 
82465,sundhedsfremme og sygdomsforebyggelse
82470,arbejdsmarkedsbidrag
82471,COVID-19 pandemien|arbejdsløshedsforsikring og dagpenge
82482,arbejdsmarkedspolitik og beskæftigelsespolitik
82485,COVID-19 pandemien|dagtilbud
82503,COVID-19 pandemien|arbejdsret og overenskomster
82517,arbejdsløshedsforsikring og dagpenge
82518,sygefravær og sygedagpenge
82530,COVID-19 pandemien|uddannelsesstøtte
82542,finansiel virksomhed
82543,syn og motorkøretøjer
82545,sundhedsfremme og sygdomsforebyggelse
82550,punktafgifter
82551,landbrug
82559,COVID-19 pandemien|kommuner|regioner
82561,medier
82570,COVID-19 pandemien|strafferet og kriminalitet
82572,COVID-19 pandemien|sundhedsfremme og sygdomsforebyggelse
82587,naturbeskyttelse og kystsikring
82588,COVID-19 pandemien|arbejdsmarkedspolitik og beskæftigelsespolitik
82591,EU
82592,forsvaret
82594,dagtilbud
82624,COVID-19 pandemien|erhvervsdrivende virksomhed
82653,udsatte voksne
82654,inddrivelse
82657,miljøpolitik og miljøbeskyttelse
82659,COVID-19 pandemien|arbejdsløshedsforsikring og dagpenge
82771,boligpolitik
82772,boligpolitik
82773,boligpolitik
82774,indfødsrets og naturalisering
82780,COVID-19 pandemien|uddannelsesstøtte
82786,COVID-19 pandemien|alternative og vedvarende energikilder
82787,COVID-19 pandemien|lønsumsafgift|moms 
82921,lægemidler og apoteker
82922,arbejdsmarkedspensioner 
82923,arbejdsmarkedspensioner 
82928,selskaber og fonde
83083,indvandrere og integration
83085,ophold og visum
83177,erhvervsdrivende virksomhed
83178,erhvervsdrivende virksomhed
83339,handel og eksport
83340,handel og eksport
83390,social service
83391,beskatning af fast ejendom 
83392,COVID-19 pandemien|sundhed og sociale forhold
83403,COVID-19 pandemien|sygefravær og sygedagpenge
83404,sundhedsfremme og sygdomsforebyggelse
83411,kommunal og regional økonomi
83412,kommunal og regional økonomi
83562,COVID-19 pandemien|aktiv beskæftigelsesindsats
83575,COVID-19 pandemien|erhvervsdrivende virksomhed
83592,beskatning af aktier
83593,beskatning af aktier
83686,boligpolitik
83692,COVID-19 pandemien|moms 
83771,produktsikkerhed og autorisation
83772,produktsikkerhed og autorisation
83773,Udlændingenævnet
83774,flygtninge og asylansøgere
83775,strafferet og kriminalitet
83776,strafferet og kriminalitet
84041,aktiv beskæftigelsesindsats
84084,familieret
84085,familieret
84086,indvandrere og integration
84087,indvandrere og integration
84102,COVID-19 pandemien|arbejdsløshedsforsikring og dagpenge
84103,arbejdsløshedsforsikring og dagpenge
84158,arbejdsløshedsforsikring og dagpenge
84159,aktiv beskæftigelsesindsats
84411,arbejdsmarkedspolitik og beskæftigelsespolitik
84412,arbejdsløshedsforsikring og dagpenge
84630,COVID-19 pandemien|arbejdsløshedsforsikring og dagpenge
84709,COVID-19 pandemien|aktiv beskæftigelsesindsats
84711,aktiv beskæftigelsesindsats
84833,COVID-19 pandemien|arbejdsløshedsforsikring og dagpenge
84867,finanspolitik
84868,finanspolitik
84869,finanspolitik
84911,"biskopper, provster og præster"
84912,sport og idræt
84913,"arkiver, biblioteker og museer"
84915,lovudkast
84917,retspleje og domstole
84919,ministeransvar
84923,familieret
84924,familieret
84927,udsatte børn og unge
84934,børne- og ungeydelse
84938,boligpolitik
84939,boligpolitik
84945,lejeboliger
84948,sygefravær og sygedagpenge
84950,folkepension og førtidspension
84951,aktiv beskæftigelsesindsats
84952,EU
84953,indfødsrets og naturalisering
84954,indvandrere og integration
84955,fødevaresikkerhed og fødevarekontrol
84956,EU
84958,ligebehandling
84959,regnskab og revision
84960,patientrettigheder og patientsikkerhed
84961,COVID-19 pandemien|videregående uddannelse
84962,rygning og rusmiddelbrug
84963,videregående uddannelse
84965,hjemmeværnet
84966,forsvaret
84968,efterretningstjeneste og sikkerhedspolitik
84973,frie grundskoler
84974,gymnasiale uddannelser|voksen- og efteruddannelse
84975,folkeskolen
84976,vejinfrastruktur
84977,erhvervsuddannelser
84978,gods- og erhvervstransport
84981,uddannelsesstøtte
84983,færdselsret
85247,retspleje og domstole
85248,COVID-19 pandemien|skifteret og konkurs
85354,miljøafgifter
85355,folkekirken
85356,internationale forhold
85358,indfødsrets og naturalisering
85359,erhverv og arbejdsmarked
85360,energiforsyning
85361,finansiel virksomhed
85513,vederlag mv. til medlemmer og ministre 
85663,social service
85664,strafferet og kriminalitet
85665,aktiv beskæftigelsesindsats|arbejdsløshedsforsikring og dagpenge
85666,politi og våben
85667,miljøpolitik og miljøbeskyttelse
85669,miljøpolitik og miljøbeskyttelse
85671,affald og kemikalier
85673,aktiv beskæftigelsesindsats
85675,arbejdsret og overenskomster
85676,skattekontrol
85678,indvandrere og integration
85679,energiafgifter 
85680,indvandrere og integration
85681,fonds- og foreningsbeskatning
85682,erhvervsdrivende virksomhed
85683,alternative og vedvarende energikilder
85684,erhvervsakademier og professionshøjskoler
85685,energiforsyning
85686,jernbaneinfrastruktur|vejinfrastruktur
85687,vandforsyning
85688,patientrettigheder og patientsikkerhed
85700,COVID-19 pandemien|dyr og dyrevelfærd
85772,COVID-19 pandemien|sygefravær og sygedagpenge
85858,kommuner og infrastruktur
85859,udsatte voksne
85861,energiafgifter 
85862,medier
85864,arbejdsmarkedspensioner |efterløn og fleksjob
85865,arbejdsmarkedspensioner |efterløn og fleksjob
86014,retspleje og domstole|strafferet og kriminalitet
86015,erhvervsuddannelser
86016,folkekirken
86017,COVID-19 pandemien|folkeskolen
86018,lejeboliger
86192,miljøpolitik og miljøbeskyttelse
86325,Det Økonomiske Råd
86326,EU|told
86327,sygdomme og sygdomsbehandling
86328,gods- og erhvervstransport
86329,voksen- og efteruddannelse
86331,konkurrence- og forbrugerforhold
86391,COVID-19 pandemien|sygefravær og sygedagpenge
86402,sundhedsfremme og sygdomsforebyggelse
86451,kunstig befrugtning
86454,færdselsret
86456,indvandrere og integration
86457,færdselsret
86460,indvandrere og integration
86484,pensions- og pensionsafkastbeskatning
86485,pensions- og pensionsafkastbeskatning
86486,pensions- og pensionsafkastbeskatning
86554,motorkøretøjer
86561,indvandrere og integration
86562,indvandrere og integration
86564,motorkøretøjer
86565,motorkøretøjer
86567,ejendomsdata
86569,personskatter|selskabsskatter 
86570,personskatter|selskabsskatter 
86580,sundhedsfremme og sygdomsforebyggelse
86582,afgift af dødsboer og gaver 
86585,miljøafgifter
86586,politi og våben|retspleje og domstole
86680,retspleje og domstole
86681,skattekontrol
86683,dyr og dyrevelfærd
86763,COVID-19 pandemien|uddannelsesstøtte
86764,personskatter
86766,strafferet og kriminalitet
86779,COVID-19 pandemien|arbejdsløshedsforsikring og dagpenge
86780,COVID-19 pandemien|arbejdsløshedsforsikring og dagpenge
86802,politi og våben
86824,finansielle forhold|finanspolitik
86879,socialpolitik
86883,EU
86895,COVID-19 pandemien
86898,COVID-19 pandemien
86907,arbejdsmarkedsbidrag
86908,motorkøretøjer
86939,færdselsret
86940,COVID-19 pandemien
86997,strafferet og kriminalitet
86998,miljø- og genteknologi
86999,energipolitik og energieffektivitet
87098,digitalisering
87100,digitalisering
87103,COVID-19 pandemien|spil
87105,arbejdsmarkedspensioner 
87106,arbejdsmarkedspolitik og beskæftigelsespolitik
87107,arbejdsmarkedspolitik og beskæftigelsespolitik
87108,COVID-19 pandemien
87142,COVID-19 pandemien
87287,affald og kemikalier
87288,miljøpolitik og miljøbeskyttelse
87290,handel og eksport
87291,ministeransvar
87292,erhvervsdrivende virksomhed
87293,finansiel virksomhed
87294,social service
87295,EU
87296,forskning og innovation
87297,fiskeri og havbrug
87299,social service
87300,miljøafgifter
87301,energiforsyning
87303,sygdomme og sygdomsbehandling
87305,kollektiv transport
87408,efterløn og fleksjob
87409,EU
87411,handel og eksport
87475,indvandrere og integration
87476,indvandrere og integration
87499,COVID-19 pandemien
87580,erhvervsdrivende virksomhed
87582,beredskab og civile opgaver
87630,"folketingsarbejdet, grundloven og forretningsordenen|ministeransvar"
87631,"folketingsarbejdet, grundloven og forretningsordenen|ministeransvar"
87701,COVID-19 pandemien
87893,politi og våben
87894,ældre
87895,psykiatri
87896,ophavsret
87897,boligpolitik
87898,aktiv beskæftigelsesindsats
87899,indvandrere og integration
87900,ophold og visum
87902,selskaber og fonde
87904,dagtilbud|folkeskolen
87919,COVID-19 pandemien
87983,COVID-19 pandemien|dyr og dyrevelfærd
88132,COVID-19 pandemien|moms 
88136,aktiv beskæftigelsesindsats
88142,civilret
88314,COVID-19 pandemien|arbejdsløshedsforsikring og dagpenge|arbejdsmarkedspolitik og beskæftigelsespolitik
88315,COVID-19 pandemien|arbejdsløshedsforsikring og dagpenge|arbejdsmarkedspolitik og beskæftigelsespolitik
88360,naturbeskyttelse og kystsikring
88361,indfødsrets og naturalisering
88362,civilret
88366,retspleje og domstole
88405,alternative og vedvarende energikilder
88406,alternative og vedvarende energikilder
88412,erhvervsdrivende virksomhed
88487,EU|energiafgifter 
88489,inddrivelse
88737,COVID-19 pandemien
88770,COVID-19 pandemien|erhvervsdrivende virksomhed
88771,COVID-19 pandemien|erhvervsdrivende virksomhed
88772,COVID-19 pandemien|erhvervsdrivende virksomhed
88804,beskatning af aktier
88834,strafferet og kriminalitet
88835,politi og våben
88837,retspleje og domstole
88838,retspleje og domstole
88839,retspleje og domstole
88900,sygefravær og sygedagpenge
88958,aktiv beskæftigelsesindsats
88989,COVID-19 pandemien
88990,COVID-19 pandemien
89413,arbejdsmarkedspolitik og beskæftigelsespolitik
89569,finanspolitik
89571,finanspolitik
89627,digitalisering
89628,retspleje og domstole
89629,videregående uddannelse
89630,politi og våben
89631,valg og folkeafstemninger
89632,forvaltningsret og persondata
89633,valg og folkeafstemninger
89635,social service
89637,folkepension og førtidspension
89638,ophold og visum
89639,COVID-19 pandemien
89641,motorkøretøjer
89642,international beskatning 
89643,international beskatning 
89645,EU
89646,EU
89647,EU
89650,COVID-19 pandemien
89651,energiforsyning
89652,militært materiel
89654,erhvervsuddannelser
89655,frie grundskoler
89656,gymnasiale uddannelser
89657,klimapolitik og klimaforandringer
89659,folkeskolen|frie grundskoler|gymnasiale uddannelser
89661,folkeskolen
89663,erhvervsuddannelser
89665,vejtransport og trængsel
89667,lufttrafik
89668,vejinfrastruktur
89669,jernbaneinfrastruktur
89829,postvæsen
89830,trossamfund og menigheder
89831,boligpolitik
89832,boligpolitik
89833,boligpolitik
89960,COVID-19 pandemien
89964,syn og motorkøretøjer
89965,erhverv og arbejdsmarked
90131,Danida
90132,klimatilpasning
90133,kriminalforsorg og afsoning
90134,kommuner
90137,COVID-19 pandemien
90138,strafferet og kriminalitet
90143,vækst og konkurrenceevne
90145,familieret
90146,økonomi og bloktilskud
90149,gymnasiale uddannelser
90152,pensions- og pensionsafkastbeskatning
90209,indfødsretsprøve
90210,indfødsrets og naturalisering
90216,COVID-19 pandemien
90290,forvaltningsret og persondata
90332,COVID-19 pandemien
90368,folkeskolen
90383,skattekontrol
90384,skattekontrol
90469,skattekontrol
90470,lægemidler og apoteker
90482,rygning og rusmiddelbrug
90483,rygning og rusmiddelbrug
90518,sygefravær og sygedagpenge
90554,landbrug
90686,flygtninge og asylansøgere
90697,COVID-19 pandemien
90698,COVID-19 pandemien
90699,strafferet og kriminalitet
90725,civilret
90726,civilret
90804,ligestilling og barsel
90805,personskatter
90860,ligestilling og barsel
90943,rygning og rusmiddelbrug
90971,gods- og erhvervstransport
90972,gods- og erhvervstransport
90998,udvisning og repatriering
90999,finanspolitik
91000,transportpolitik
91001,energiforsyning
91002,international ret og menneskerettigheder|strafferet og kriminalitet
91003,spil
91124,affald og kemikalier
91125,indfødsretsprøve
91126,finansiel virksomhed
91128,landdistrikter
91129,sport og idræt
91130,dyr og dyrevelfærd
91131,olie- og naturgasindvinding
91132,politi og retsvæsen
91135,punktafgifter
91136,vejinfrastruktur
91137,jernbaneinfrastruktur
91140,køn og ligestillingsvurdering
91196,"folketingsarbejdet, grundloven og forretningsordenen"
91264,videregående uddannelse
91265,miljøpolitik og miljøbeskyttelse
91266,byfornyelse
91267,boligpolitik
91268,arbejdsmiljø og arbejdsskader
91269,produktsikkerhed og autorisation
91270,"arkiver, biblioteker og museer"
91272,udsatte voksne
91273,alternative og vedvarende energikilder
91274,energiforsyning
91277,sygdomme og sygdomsbehandling
91278,dyr og dyrevelfærd
91279,folkeskolen
91280,folkeskolen
91289,forvaltningsret og persondata
91553,flygtninge og asylansøgere
91560,vejinfrastruktur
91577,miljøpolitik og miljøbeskyttelse
91578,miljøpolitik og miljøbeskyttelse
91579,aktiv beskæftigelsesindsats
91580,aktiv beskæftigelsesindsats
91618,etik og forskning
91702,videregående uddannelse
91703,ophold og visum
91704,gods- og erhvervstransport
91706,gymnasiale uddannelser
91707,affald og renovation
91708,socialforvaltning og retssikkerhed
91709,retspleje og domstole
91710,finansiel virksomhed
91766,energiforsyning
91800,digitalisering
91806,kultur- og kunststøtte
91808,selskabsskatter 
91811,uddannelsesstøtte
91851,selskaber og fonde
91852,selskaber og fonde
91875,PET og terrorbekæmpelse
91898,COVID-19 pandemien
91899,handel og eksport
91985,flygtninge og asylansøgere|ophold og visum
91992,beskatning af fast ejendom 
91993,skattekontrol
91994,videregående uddannelse
91995,lejeboliger
91996,forvaltningsret og persondata
91998,arbejdsløshedsforsikring og dagpenge
92000,skifteret og konkurs
92002,kriminalforsorg og afsoning
92003,arbejdsmarkedspolitik og beskæftigelsespolitik
92005,sociale ydelser
92007,strafferet og kriminalitet
92008,sygehuse og akutberedskab
92009,patientrettigheder og patientsikkerhed
92010,ophold og visum
92011,ophold og visum
92012,folkeskolen
92013,indfødsrets og naturalisering
92014,folkeskolen
92015,Udlændingestyrelsen
92017,erhvervsdrivende virksomhed
92018,ophold og visum
92084,finanspolitik
92085,finanspolitik
92087,retspleje og domstole
92088,forbehold
92089,forbehold
92199,energiafgifter 
92247,folkeskolen
92306,regnskab og revision
92307,regnskab og revision
92351,folkeskolen
92352,folkeskolen
92404,arbejdsløshedsforsikring og dagpenge
92564,indvandrere og integration
92591,moms 
92593,retspleje og domstole
92594,retspleje og domstole
92595,strafferet og kriminalitet
92596,strafferet og kriminalitet
92597,strafferet og kriminalitet
92605,sundhedsfremme og sygdomsforebyggelse
92606,sundhedsfremme og sygdomsforebyggelse
92607,sundhedsfremme og sygdomsforebyggelse
92927,energiafgifter |personskatter
92928,uddannelsesstøtte
92929,sociale ydelser
93092,boligpolitik
93464,børnetilskud
93628,ejerboliger
93629,finanspolitik
93631,kontanthjælp og uddannelseshjælp|sociale forhold|socialpolitik
93632,udvalgsmeddelelser
93634,arbejdsmarkedsuddannelser
93635,udvalgsmeddelelser
93636,landbrug
93637,olie- og naturgasindvinding
93638,bestyrelser og ledelse
93688,ejerboliger
93689,ejerboliger
93890,fødevarer
93978,alternative og vedvarende energikilder
93979,vandforsyning
93980,EU
93981,menighedsråd
93982,inddrivelse
93983,international beskatning 
93985,folkeskolen
93986,erhvervsuddannelser
93987,gymnasiale uddannelser|voksen- og efteruddannelse
93988,aktiv beskæftigelsesindsats
93989,arbejdsmarkedspolitik og beskæftigelsespolitik
93990,internationale forhold
93991,selskaber og fonde
93992,konkurrence- og forbrugerforhold
93993,politi og retsvæsen
93994,politi og retsvæsen
94029,finanspolitik
94088,arbejdsmarkedspolitik og beskæftigelsespolitik
94089,indfødsrets og naturalisering
94170,energiforsyning
94171,beredskab og civile opgaver
94172,universiteter
94173,landdistrikter
94174,selvstyreordningen og Rigsfællesskabet
94176,kommuner
94177,EU
94178,finansiel virksomhed
94179,EU
94180,handel og eksport
94181,gymnasiale uddannelser
94183,regnskab og revision
94184,familieret
94185,familieret
94186,dyr og dyrevelfærd
94322,strafferet og kriminalitet
94323,politi og retsvæsen
94398,erhverv og arbejdsmarked
94399,energiafgifter 
94400,færdselsret
94560,DSB
94561,skattekontrol
94562,udvisning og repatriering
94564,arbejdsmarkedspolitik og beskæftigelsespolitik
94565,socialpolitik
94566,social service
94568,EU
94569,lægemidler og apoteker
94709,energiafgifter 
94712,sociale ydelser
94713,civilret
94714,finanspolitik
94715,finanspolitik
94716,finanspolitik
94794,energipolitik og energieffektivitet
94795,sygehuse og akutberedskab
94796,alternative og vedvarende energikilder
94797,forebyggende ældreindsatser
94798,valg og folkeafstemninger
94799,kvalitetsstandarder på ældreområdet
94800,sundhedspersonale og autorisation
94801,digital service og digital transformation
94802,digital service og digital transformation
94805,"folketingsarbejdet, grundloven og forretningsordenen"
94806,politi og våben
94807,menighedsråd
94808,trossamfund og menigheder
94809,civilret
94810,moms 
94811,miljøafgifter
94812,kulturformidling og kulturliv
94813,selskabsskatter 
94815,kulturformidling og kulturliv
94816,erhvervsudlejning
94817,selskaber og fonde
94818,gymnasiale uddannelser
94819,konkurrence- og forbrugerforhold
94820,arbejdsret og overenskomster
94821,sociale ydelser
94822,familieret
94823,folkeskolen
94828,"folketingsarbejdet, grundloven og forretningsordenen"
94882,turisme og oplevelsesøkonomi
94883,økonomi og bloktilskud
94884,lejeboliger
94912,energipolitik
94913,energipolitik
94939,gods- og erhvervstransport
94940,aktiv beskæftigelsesindsats
94941,folkeskolen
95031,affald og renovation
95032,beskatning af fast ejendom 
95033,arbejdsmarkedsbidrag
95034,beskatning af fast ejendom 
95035,indfødsrets og naturalisering
95036,ungdoms- og efterskoler
95037,rygning og rusmiddelbrug
95038,erhvervsdrivende virksomhed
95039,social service
95040,socialpolitik
95042,arbejdsløshedsforsikring og dagpenge
95094,finansiel virksomhed
95095,finansiel virksomhed
95135,ophavsret
95136,klageforhold og klagenævn
95137,erhvervsdrivende virksomhed
95138,aktiv beskæftigelsesindsats
95139,aktiv beskæftigelsesindsats
95140,international beskatning 
95171,EU
95172,EU
95173,EU
95327,pensions- og pensionsafkastbeskatning
96024,energipolitik og energieffektivitet
96025,it-løsninger og digital infrastruktur
96026,energipolitik og energieffektivitet
96027,videregående uddannelse
96028,uddannelsesstøtte
96029,Statens it
96030,kollektiv transport
96031,lufttrafik
96033,postvæsen
96034,færdselsret|gods- og erhvervstransport
96035,vejinfrastruktur
96036,faste forbindelser|vejinfrastruktur
96037,lufttrafik
96038,gods- og erhvervstransport|lufttrafik
96039,dyr og dyrevelfærd
96040,dyr og dyrevelfærd
96042,international beskatning 
96043,energiafgifter 
96044,valg og folkeafstemninger
96045,folkeskolen|undervisning til unge med særlige behov
96046,erhvervsuddannelser
96048,folkeskolen|undervisning til unge med særlige behov
96049,arbejdsmarkedspolitik og beskæftigelsespolitik
96050,finansiel virksomhed
96051,sundhed og sociale forhold
96052,EU
96053,byggeri
96054,erhvervsdrivende virksomhed
96200,sundhedspersonale og autorisation
96201,skifteret og konkurs
96255,international ret og menneskerettigheder
96356,indfødsrets og naturalisering
96357,arbejdsmarkedspensioner 
96361,COVID-19 pandemien
96448,medier
96449,arbejdsmiljø og arbejdsskader
96451,arbejdsmarkedspolitik og beskæftigelsespolitik
96526,folkekirken
96528,voksen- og efteruddannelse
96530,kunstig befrugtning
96531,lejeboliger
96532,retspleje og domstole
96612,universiteter
96613,energiafgifter 
96614,indvandrere og integration
96615,dagtilbud
96616,folkepension og førtidspension
96769,inddrivelse
96770,inddrivelse
96946,dyr og dyrevelfærd
96959,kommuner
96960,kommuner
97074,dagtilbud|folkeskolen
97075,miljøpolitik og miljøbeskyttelse
97086,databeskyttelse og dataetik
97120,fysisk planlægning
97121,fysisk planlægning
97137,administration
97167,socialpolitik
97168,finansiel virksomhed
97216,arbejdsmarkedspolitik og beskæftigelsespolitik
97217,politi og retsvæsen
97263,flygtninge og asylansøgere
97301,personskatter
97302,personskatter
97303,finanspolitik
97336,jernbaneinfrastruktur
97337,spil
97409,ligebehandling
97410,erhvervsdrivende virksomhed
97411,vandforsyning
97412,vand- og havmiljø
97413,"fiskeri, fangst og landbrug"
97415,social service
97416,værdighed og ældrepolitik
97417,transportpolitik
97418,udvisning og repatriering
97492,boligpolitik
97634,energiforsyning
97635,energiforsyning
97636,vejtransport og trængsel
97638,faste forbindelser
97645,dagtilbud
97646,vand- og havmiljø
97647,produktsikkerhed og autorisation
97648,politi og våben
97649,finansiel virksomhed
97650,konkurrence- og forbrugerforhold
97651,retspleje og domstole
97652,psykiatri
97653,psykiatri
97654,forvaltningsret og persondata
97655,rygning og rusmiddelbrug
97656,lægemidler og apoteker
97853,retspleje og domstole
97854,folkeskolen
97914,vækst
97916,alternative og vedvarende energikilder
97917,undersøgelseskommissioner
97918,politi og retsvæsen
97919,retspleje og domstole
97920,ophavsret
97921,arbejdsmiljø og arbejdsskader
97922,alternative og vedvarende energikilder
97923,arbejdsmarkedspensioner 
97924,vejinfrastruktur
97925,personskatter
97926,folkeskolen
97927,ophold og visum
97928,folkeskolen
97999,retspleje og domstole
98000,politi og retsvæsen
98037,moms 
98038,moms 
98039,moms 
98107,kontanthjælp og uddannelseshjælp
98108,familiesammenføring
98109,hverv og økonomiske interesser
98110,hverv og økonomiske interesser
98111,finansiel virksomhed
98112,hverv og økonomiske interesser
98113,medier
98114,strafferet og kriminalitet
98115,patientrettigheder og patientsikkerhed
98264,alternative og vedvarende energikilder
98265,sundhedspersonale og autorisation
98267,rygning og rusmiddelbrug
98268,uddannelsesstøtte
98269,lægemidler og apoteker
98270,indfødsrets og naturalisering
98271,udvalgsarbejde og -meddelelser
98272,medier
98273,klageforhold og klagenævn
98274,sociale ydelser
98275,handel og eksport
98276,konkurrence- og forbrugerforhold
98278,arbejdsmarkedspolitik og beskæftigelsespolitik
98279,lejeboliger
98280,byfornyelse
98281,byfornyelse
98362,energiforsyning
98363,strafferet og kriminalitet
98364,beskatning af fast ejendom 
98365,social service
98366,international beskatning 
98367,energiafgifter 
98368,familieret
98369,energiafgifter 
98370,energiafgifter 
98388,sundhedsfremme og sygdomsforebyggelse
98564,formueret og tinglysning
98626,folkepension og førtidspension
98628,alternative og vedvarende energikilder
99215,klageinstanser og klagesager
99218,økonomi og finans
99219,skattekontrol
99220,spil
99222,motorkøretøjer
99224,virksomhedsskat
99225,virksomhedsskat
99226,olie- og naturgasindvinding
99227,alternative og vedvarende energikilder
99228,energipolitik og energieffektivitet
99230,transportpolitik
99231,kollektiv transport
99233,vejinfrastruktur
99234,gods- og erhvervstransport
99236,dyr og dyrevelfærd
99237,naturbeskyttelse og kystsikring
99238,Udlændingestyrelsen
99274,ophold og visum
99275,erhvervsuddannelser
99276,erhvervsuddannelser
99277,voksen- og efteruddannelse
99279,folkeskolen
99280,folkeskolen
99281,folkeskolen
99282,dagtilbud
99283,arbejdsmarkedspolitik og beskæftigelsespolitik
99285,arbejdsmarkedspolitik og beskæftigelsespolitik
99286,sociale ydelser
99287,aktiv beskæftigelsesindsats
99288,bestyrelser og ledelse
99289,affald og kemikalier
99290,affald og kemikalier|miljøpolitik og miljøbeskyttelse
99292,sø- og skibsfart
99295,medier
99298,civilret
99299,politi og retsvæsen
99300,sundhedsfremme og sygdomsforebyggelse
99302,finanspolitik
99303,finanspolitik
99306,økonomi og bloktilskud
99307,økonomi og bloktilskud
99308,erhvervsdrivende virksomhed
99428,formueret og tinglysning
99429,formueret og tinglysning
99564,praksissektoren og kommunale sundhedsordninger
99566,selskaber og fonde
99567,EU|konkurrence- og forbrugerforhold
99568,selvstyreordningen og Rigsfællesskabet
99569,indfødsrets og naturalisering
99571,alternative og vedvarende energikilder
99572,fossile brændstoffer
99573,energipolitik og energieffektivitet
99781,dagtilbud
99782,dagtilbud
99799,universiteter|voksen- og efteruddannelse
99800,ophold og visum
99803,miljøpolitik og miljøbeskyttelse
99804,finansiel virksomhed
99805,selskaber og fonde
99806,erhvervsdrivende virksomhed
99808,"arkiver, biblioteker og museer"
99809,musik
99922,databeskyttelse og dataetik
99923,skattekontrol
99925,vand- og havmiljø
99927,strafferet og kriminalitet
100071,kunstig befrugtning
100072,kunstig befrugtning
100073,sociale ydelser
100075,ejendomsdata
100076,ejendomsdata
100154,politi og retsvæsen
100155,PET og terrorbekæmpelse
100156,sociale ydelser
100266,skifteret og konkurs
100267,strafferet og kriminalitet
100390,politi og retsvæsen
100391,sø- og skibsfart
100392,miljøpolitik og miljøbeskyttelse
100401,EU
100403,EU
100453,boliger
100458,arbejdsret og overenskomster
100495,sundhedspolitik og sundhedsøkonomi
100496,sundhedspolitik og sundhedsøkonomi
100537,social service|udsatte voksne
100538,sygdomme og sygdomsbehandling
100597,strafferet og kriminalitet
100677,klimapolitik og klimaforandringer
100768,landdistrikter
100777,klageforhold og klagenævn
100798,etik og forskning
100799,etik og forskning
100800,finanspolitik
100826,erhverv og arbejdsmarked
100874,dyr og dyrevelfærd
100875,lægemidler og apoteker
100876,lægemidler og apoteker
100877,indfødsrets og naturalisering
100878,kulturarv og bygningsbevaring
101039,digital service og digital transformation
101040,sundhedsfremme og sygdomsforebyggelse
101041,told
101042,energiforsyning
101043,uddannelsesstøtte
101044,civilret
101048,vejinfrastruktur
101049,syn og motorkøretøjer
101050,medier
101051,naturbeskyttelse og kystsikring
101052,grøn trepart
101054,voksen- og efteruddannelse
101055,vand- og havmiljø
101056,miljøpolitik og miljøbeskyttelse
101057,folkepension og førtidspension
101058,arbejdsløshedsforsikring og dagpenge
101139,indfødsrets og naturalisering
101245,patientrettigheder og patientsikkerhed
101246,produktsikkerhed og autorisation
101318,syn og motorkøretøjer
101344,energiforsyning
101345,energiforsyning
101402,offentlige data og datadeling
101403,NATO
101404,beskatning af fast ejendom 
101406,familieret
101408,lægemidler og apoteker
101409,psykiatri
101410,strafferet og kriminalitet
101412,trossamfund og menigheder
101413,civilret
101415,vand- og havmiljø
101416,folkepension og førtidspension
101417,universiteter
101418,vejinfrastruktur
101419,udvisning og repatriering
101421,udvisning og repatriering
101444,kriminalforsorg og afsoning
101584,udvisning og repatriering
101585,arbejdsmarkedspolitik og beskæftigelsespolitik
101587,erhvervsdrivende virksomhed
101679,social service
101680,social service
101681,social service
101688,finanspolitik
101689,praksissektoren og kommunale sundhedsordninger
101690,regioner
101691,regioner
101692,kommuner
101693,valg og folkeafstemninger
101694,formueret og tinglysning
101696,strafferet og kriminalitet
101702,ligestilling og barsel
101703,internationale forhold
101704,indfødsrets og naturalisering
101705,jernbaneinfrastruktur|vejinfrastruktur
101806,værnepligt
101905,arbejdsmiljø og arbejdsskader
101906,arbejdsmarkedspolitik og beskæftigelsespolitik
101956,alternative og vedvarende energikilder
101957,alternative og vedvarende energikilder
102023,personskatter
102024,personskatter
102151,kriminalforsorg og afsoning
102152,kriminalforsorg og afsoning
102229,erhvervsdrivende virksomhed
102230,finansiel virksomhed
102231,civilret
102232,civilret
102265,politi og våben
103080,finanspolitik
103081,finanspolitik
103082,finanspolitik
103111,selvstyreordningen og Rigsfællesskabet
103112,databeskyttelse og dataetik
103113,menneskehandel og illegal indvandring
103115,sygdomme og sygdomsbehandling
103116,boligpolitik
103117,alternative og vedvarende energikilder
103120,hjælp til pårørende
103121,forskning og innovation
103122,sundhedspolitik og sundhedsøkonomi
103123,erhvervsakademier og professionshøjskoler
103124,sundhedspolitik og sundhedsøkonomi
103125,transportpolitik
103127,DSB|jernbaneinfrastruktur
103128,civilret
103129,vejinfrastruktur
103130,forvaltningsret og persondata
103134,folkeskolen
103135,voksen- og efteruddannelse
103137,voksen- og efteruddannelse
103138,erhvervsdrivende virksomhed
103140,erhvervsuddannelser
103142,kommuner og infrastruktur
103143,finansiel virksomhed
103144,finansiel virksomhed
103145,affald og kemikalier
103147,arbejdsmiljø og arbejdsskader
103148,børne- og ungeydelse
103150,sociale ydelser
103151,sociale ydelser
103153,international beskatning 
103154,fonds- og foreningsbeskatning
103326,it-løsninger og digital infrastruktur
103327,udsatte voksne
103328,energiforsyning
103329,energiforsyning
103330,energiforsyning
103331,Det Økonomiske Råd
103332,kommuner og infrastruktur
103406,udviklingssamarbejde og humanitær bistand
103407,civilret
103409,ejendomsdata
103410,lufttrafik
103411,vejinfrastruktur
103475,politi og retsvæsen
103476,folkeoplysning og højskoler
103479,erhverv og arbejdsmarked
103480,erhvervsdrivende virksomhed
103481,erhvervsdrivende virksomhed
103482,patent- og varemærkning
103483,spil
103487,aktiv beskæftigelsesindsats
103489,EU
103490,folkekirken
103493,nordisk samarbejde
103494,beredskab og civile opgaver
103495,socialpolitik
103502,"folketingsarbejdet, grundloven og forretningsordenen"
103791,inddrivelse
103792,kriminalforsorg og afsoning
103800,gymnasiale uddannelser
103801,folkeskolen
103913,arbejdsmiljø og arbejdsskader
104028,udsatte voksne
104066,arbejdsmiljø og arbejdsskader
104068,strafferet og kriminalitet
104246,miljø
104247,energipolitik og energieffektivitet
104574,psykiatri
104575,psykiatri
105024,finanspolitik
105374,EU
105379,sundhed og sociale forhold
105381,erhvervsdrivende virksomhed
105382,boliger
105669,erhvervsdrivende virksomhed
